username,restaurant_name,email,password,FirstName,LastName
le1471,Le 147,le1471@gmail.com,1215894998,,
lesaintjouvent1,Le Saint Jouvent,lesaintjouvent1@gmail.com,-1248087181,,
auboutdupont1,Au Bout du Pont,auboutdupont1@gmail.com,-1183797000,,
lerelaisdenaiade1,Le Relais de Naiade,lerelaisdenaiade1@gmail.com,1243390638,,
relaisdumontseigne1,Relais Du MontSeigne,relaisdumontseigne1@gmail.com,-417367754,,
l'aubergeduvieuxcrozet1,L'Auberge Du Vieux Crozet,l'aubergeduvieuxcrozet1@gmail.com,-414034289,,
caferestaurantnoulou1,Cafe Restaurant NouLou,caferestaurantnoulou1@gmail.com,530916264,,
l'entre21,L'entre 2,l'entre21@gmail.com,-1389327055,,
nostecourtiu1,Noste Courtiu,nostecourtiu1@gmail.com,2052272149,,
chezclaudine1,Chez Claudine,chezclaudine1@gmail.com,616024563,,
lepetitcampagnard1,Le Petit Campagnard,lepetitcampagnard1@gmail.com,-411797824,,
chezjiji1,Chez Jiji,chezjiji1@gmail.com,-415937967,,
angkor1,Angkor,angkor1@gmail.com,-1162680783,,
l'original's1,L'Original'S,l'original's1@gmail.com,1390444283,,
l'improrestaurant1,L'Impro Restaurant,l'improrestaurant1@gmail.com,470999835,,
pietrafocirocbaron1,Pietra Foci Rocbaron,pietrafocirocbaron1@gmail.com,614949209,,
tiptoppizza1,Tip top pizza,tiptoppizza1@gmail.com,-2078273747,,
l'antidote1,L'Antidote,l'antidote1@gmail.com,-1306773188,,
laterrasse1,La terrasse,laterrasse1@gmail.com,-419335782,,
caferestaurantlepapareil1,Cafe Restaurant le Papareil,caferestaurantlepapareil1@gmail.com,587095275,,
l'ardoisier1,L'ardoisier,l'ardoisier1@gmail.com,1393393345,,
espritsushirocbaron1,Esprit Sushi Rocbaron,espritsushirocbaron1@gmail.com,532762598,,
meuricechristophe1,Meurice Christophe,meuricechristophe1@gmail.com,-1934800948,,
lacrepedanslebec1,La Crepe Dans Le Bec,lacrepedanslebec1@gmail.com,640063736,,
aubergedel'abbaye1,Auberge de l'Abbaye,aubergedel'abbaye1@gmail.com,-1444593169,,
l'antredecloches1,L'Antre de Cloches,l'antredecloches1@gmail.com,1446987601,,
lacrêpedanslebec1,La Crêpe dans le Bec,lacrêpedanslebec1@gmail.com,-1216298020,,
restaurantdelatour1,Restaurant de la Tour,restaurantdelatour1@gmail.com,2073640020,,
l'archange1,L'ARCHANGE,l'archange1@gmail.com,329494330,,
restaurantalpazur1,Restaurant Alpazur,restaurantalpazur1@gmail.com,327406070,,
gagnieredavid1,Gagniere David,gagnieredavid1@gmail.com,725980074,,
lec21,Le C2,lec21@gmail.com,496772923,,
theesconda1,The Esconda,theesconda1@gmail.com,2130061222,,
relaisdes2cols1,Relais des 2 Cols,relaisdes2cols1@gmail.com,-418553649,,
francescocimaz1,Francesco Cimaz,francescocimaz1@gmail.com,675221921,,
hotellacledeschamps1,Hotel La Cle des Champs,hotellacledeschamps1@gmail.com,530080386,,
lavanoise1,La Vanoise,lavanoise1@gmail.com,-1159814252,,
aux2mousses1,Aux 2 mousses,aux2mousses1@gmail.com,1329663664,,
pizzeriala181,Pizzeria la 18,pizzeriala181@gmail.com,-2134670124,,
vr171,VR 17,vr171@gmail.com,390326743,,
mariusetjosephine1,Marius et Josephine,mariusetjosephine1@gmail.com,1473558065,,
lestipisdecrevecoeur1,Les Tipis De Creve Coeur,lestipisdecrevecoeur1@gmail.com,1107541013,,
l'atelierdessaveurs1,L'atelier des Saveurs,l'atelierdessaveurs1@gmail.com,1248426680,,
lemalamot1,Le Malamot,lemalamot1@gmail.com,586557232,,
lenapoléon1,Le Napoléon,lenapoléon1@gmail.com,-355579169,,
labambiche1,La Bambiche,labambiche1@gmail.com,1078917441,,
lehott1,Le Hott,lehott1@gmail.com,2078073204,,
restaurantlesavoie1,Restaurant Le Savoie,restaurantlesavoie1@gmail.com,1307382010,,
lerelaisducoldumontcenis1,Le relais du Col du Mont Cenis,lerelaisducoldumontcenis1@gmail.com,-1127616967,,
lapeaudevache1,La Peau de Vache,lapeaudevache1@gmail.com,-1269180075,,
ristorantehotelgranscala1,Ristorante Hotel Gran Scala,ristorantehotelgranscala1@gmail.com,-1241298182,,
alafrontieredessaveurs1,A la Frontiere des Saveurs,alafrontieredessaveurs1@gmail.com,385740698,,
lavieilleposte1,La Vieille Poste,lavieilleposte1@gmail.com,643854098,,
lesrochesblanches1,les roches blanches,lesrochesblanches1@gmail.com,1301420744,,
laramasserestaurant1,La Ramasse Restaurant,laramasserestaurant1@gmail.com,-1447423565,,
gited'etapeletoet1,Gite D'etape le Toet,gited'etapeletoet1@gmail.com,588080305,,
harvestmarket1,Harvest Market,harvestmarket1@gmail.com,1241934103,,
laiteriecolbayard1,Laiterie Col Bayard,laiteriecolbayard1@gmail.com,1272976011,,
letempsdesmets1,Le Temps Des Mets,letempsdesmets1@gmail.com,-212373062,,
aubergedestounes1,Auberge des Tounes,aubergedestounes1@gmail.com,-1191542866,,
pizzalescolonnes.1,Pizza Les colonnes.,pizzalescolonnes.1@gmail.com,-1248592201,,
leschenets1,Les Chenets,leschenets1@gmail.com,-2016877134,,
l'aubergedemarie1,L'Auberge de Marie,l'aubergedemarie1@gmail.com,1415465684,,
lemaquisetlelys1,Le Maquis et le Lys,lemaquisetlelys1@gmail.com,-498155202,,
lafleurdelys1,La Fleur de Lys,lafleurdelys1@gmail.com,-1278231485,,
lebistrodelagrève1,Le Bistro de la Grève,lebistrodelagrève1@gmail.com,-1075868856,,
chezcloclo1,Chez Cloclo,chezcloclo1@gmail.com,1300081263,,
augalichon1,Au Galichon,augalichon1@gmail.com,-416826980,,
prestoresto1,Presto Resto,prestoresto1@gmail.com,-1275466750,,
lemassilia1,Le Massilia,lemassilia1@gmail.com,528022671,,
kebabespaly1,Kebab Espaly,kebabespaly1@gmail.com,390329596,,
l'ermitage1,L'Ermitage,l'ermitage1@gmail.com,701078742,,
lesorguesd'espaly1,Les Orgues d'Espaly,lesorguesd'espaly1@gmail.com,328424952,,
wafu1,Wafu,wafu1@gmail.com,2106705948,,
l'imprevu1,L'imprevu,l'imprevu1@gmail.com,1072393399,,
lamaisondupoulet1,La Maison du Poulet,lamaisondupoulet1@gmail.com,-2044549100,,
littletokyo1,Little Tokyo,littletokyo1@gmail.com,-354562586,,
sushijardin1,Sushi Jardin,sushijardin1@gmail.com,2101489944,,
ledarjeeling1,Le Darjeeling,ledarjeeling1@gmail.com,1248184501,,
ristorantedelarte1,Ristorante Del Arte,ristorantedelarte1@gmail.com,1959119628,,
mammamiapinseria1,Mamma Mia Pinseria,mammamiapinseria1@gmail.com,-1243143520,,
domuscaffe1,Domus Caffe,domuscaffe1@gmail.com,-1212545183,,
auxbergesdubonheur1,Aux Berges du Bonheur,auxbergesdubonheur1@gmail.com,1162208521,,
crêperiel'avenuefoch1,Crêperie l'Avenue Foch,crêperiel'avenuefoch1@gmail.com,1450502937,,
woodpiz1,Woodpiz,woodpiz1@gmail.com,1989508429,,
l'escaledeconflans1,l'Escale de Conflans,l'escaledeconflans1@gmail.com,-1306899108,,
l.siciliano1,L. Siciliano,l.siciliano1@gmail.com,2129376366,,
letempssuspendu1,Le Temps Suspendu,letempssuspendu1@gmail.com,-153295460,,
indienpalace1,Indien Palace,indienpalace1@gmail.com,-218774959,,
haagen-dazs1,Haagen-Dazs,haagen-dazs1@gmail.com,-1103477395,,
lecomptoiritalien1,Le Comptoir Italien,lecomptoiritalien1@gmail.com,1993138845,,
hindaflavour1,Hinda flavour,hindaflavour1@gmail.com,441087634,,
orendezvous1,O Rendez Vous,orendezvous1@gmail.com,-1160707889,,
lesdelicesdumaroc1,Les Delices du Maroc,lesdelicesdumaroc1@gmail.com,-1274810603,,
àl'endroit1,À l'endroit,àl'endroit1@gmail.com,1077933471,,
starbucks1,Starbucks,starbucks1@gmail.com,-2074104812,,
talesofgourmet1,Tales of Gourmet,talesofgourmet1@gmail.com,-1187883134,,
hokisushi1,Hoki Sushi,hokisushi1@gmail.com,-1303262871,,
jaja1,Jaja,jaja1@gmail.com,1363714000,,
lemekong1,Le Mekong,lemekong1@gmail.com,591178680,,
trésorbreton1,Trésor Breton,trésorbreton1@gmail.com,384932461,,
sweetfactory1,Sweet Factory,sweetfactory1@gmail.com,-299097446,,
cosy'crêpe1,Cosy'Crêpe,cosy'crêpe1@gmail.com,469273078,,
leparis1,Le Paris,leparis1@gmail.com,1959985460,,
latoscane1,La Toscane,latoscane1@gmail.com,-412331392,,
restaurantindienrajpoot1,Restaurant Indien Rajpoot,restaurantindienrajpoot1@gmail.com,-1043486932,,
pizzaugo1,Pizza Ugo,pizzaugo1@gmail.com,-2131484169,,
jauneorange1,Jaune Orange,jauneorange1@gmail.com,-332369036,,
brasseriedumarche1,Brasserie Du Marche,brasseriedumarche1@gmail.com,1363688920,,
leroyalbambou1,Le Royal Bambou,leroyalbambou1@gmail.com,-1304391085,,
laboiteacrepes1,La boite a crepes,laboiteacrepes1@gmail.com,2138166266,,
courtepaille1,Courtepaille,courtepaille1@gmail.com,1130687534,,
sushisun1,Sushi Sun,sushisun1@gmail.com,-1417893895,,
o'bistronome1,O'Bistronome,o'bistronome1@gmail.com,2130865547,,
larosedessables1,La Rose des Sables,larosedessables1@gmail.com,-384149794,,
laplace1,La Place,laplace1@gmail.com,2138168225,,
villamia1,Villa Mia,villamia1@gmail.com,-524881790,,
milanoristorante1,Milano Ristorante,milanoristorante1@gmail.com,-1215647449,,
pizzavalentino1,Pizza Valentino,pizzavalentino1@gmail.com,1276813470,,
lataverneamoules1,La taverne a moules,lataverneamoules1@gmail.com,-498162120,,
restaurantpizzeriaenzo1,Restaurant Pizzeria Enzo,restaurantpizzeriaenzo1@gmail.com,355294329,,
lespicy1,Le spicy,lespicy1@gmail.com,-361332987,,
baibaoligrillade&sushibar1,Baibaoli grillade&sushibar,baibaoligrillade&sushibar1@gmail.com,-302400529,,
mousushi1,Mou Sushi,mousushi1@gmail.com,332292764,,
bijoubar1,Bijou Bar,bijoubar1@gmail.com,-1245319405,,
villamia1,Villa Mia,villamia1@gmail.com,-1389332014,,
clémentinerestaurant-cafe1,Clémentine Restaurant - Cafe,clémentinerestaurant-cafe1@gmail.com,-1241320374,,
bombocas1,Bombocas,bombocas1@gmail.com,-297311018,,
lagrillade1,La Grillade,lagrillade1@gmail.com,469219076,,
brasserielebouquet1,Brasserie Le Bouquet,brasserielebouquet1@gmail.com,-1240519057,,
arizonapizza1,Arizona Pizza,arizonapizza1@gmail.com,2103996955,,
levenitien1,le venitien,levenitien1@gmail.com,-1301265665,,
o'barcaiolo1,O'Barcaiolo,o'barcaiolo1@gmail.com,-1190411339,,
bateauchocolaté1,Bateau Chocolaté,bateauchocolaté1@gmail.com,-1245734374,,
yamada81,Yamada 8,yamada81@gmail.com,2074382002,,
cappadoce1,Cappadoce,cappadoce1@gmail.com,584382468,,
mcdonald's1,McDonald's,mcdonald's1@gmail.com,1962750316,,
restaurantle21,Restaurant le 2,restaurantle21@gmail.com,-295964833,,
mypiccolaitalia1,My Piccola Italia,mypiccolaitalia1@gmail.com,-1385577171,,
sakura1,Sakura,sakura1@gmail.com,588762640,,
o'bistrod'àcôté1,O'Bistro D'à Côté,o'bistrod'àcôté1@gmail.com,-2075145579,,
palaisdesouss1,Palais de Souss,palaisdesouss1@gmail.com,-360499638,,
royalsushi1,Royal Sushi,royalsushi1@gmail.com,1387666862,,
sushiconcept1,Sushi Concept,sushiconcept1@gmail.com,1995046399,,
pizzamodena1,Pizza Modena,pizzamodena1@gmail.com,1302763380,,
restaurantlamaisonbleue1,Restaurant La Maison Bleue,restaurantlamaisonbleue1@gmail.com,2043993259,,
lamonalisa1,La Mona Lisa,lamonalisa1@gmail.com,-1043420687,,
lacabanedemassepain1,La Cabane De Massepain,lacabanedemassepain1@gmail.com,-326204688,,
pizzahut1,Pizza Hut,pizzahut1@gmail.com,1478324600,,
o'tacos1,O'Tacos,o'tacos1@gmail.com,-1357836202,,
lecanotier1,Le Canotier,lecanotier1@gmail.com,1136232599,,
brooklynside1,Brooklyn Side,brooklynside1@gmail.com,-1933937131,,
mangezmoi1,Mangez moi,mangezmoi1@gmail.com,562160151,,
l'atelierpizza1,L'Atelier Pizza,l'atelierpizza1@gmail.com,-1272993383,,
restaurantsousmarinpacific1,Restaurant sous marin Pacific,restaurantsousmarinpacific1@gmail.com,2048697196,,
karibbeantruck1,Karibbean Truck,karibbeantruck1@gmail.com,-1934646477,,
legnopizza1,Legno Pizza,legnopizza1@gmail.com,-559913840,,
bchef1,Bchef,bchef1@gmail.com,384818196,,
crêperieravel1,Crêperie Ravel,crêperieravel1@gmail.com,531864836,,
legizeh1,Le Gizeh,legizeh1@gmail.com,640040732,,
fiveguys1,Five Guys,fiveguys1@gmail.com,-2047437028,,
ittrattoria1,It Trattoria,ittrattoria1@gmail.com,1135397397,,
italiantrattoria1,Italian Trattoria,italiantrattoria1@gmail.com,471538870,,
thaïstreetfood1,Thaï street food,thaïstreetfood1@gmail.com,615127768,,
lepetitprincedel'inde1,Le petit prince de l'inde,lepetitprincedel'inde1@gmail.com,1328771018,,
tablapizza1,Tablapizza,tablapizza1@gmail.com,-524884615,,
aubonheur1,Au Bonheur,aubonheur1@gmail.com,-1272606853,,
aubureau1,Au Bureau,aubureau1@gmail.com,-2049167789,,
hippopotamusfranconville1,Hippopotamus Franconville,hippopotamusfranconville1@gmail.com,-1242101760,,
thesundreamfranconville1,The Sun Dream Franconville,thesundreamfranconville1@gmail.com,-2073390852,,
auboncoinchezpierre1,Au Bon Coin Chez Pierre,auboncoinchezpierre1@gmail.com,2108227668,,
buffalogrill1,Buffalo Grill,buffalogrill1@gmail.com,-2071868719,,
flunch1,Flunch,flunch1@gmail.com,-330639483,,
nouveautokyosakura1,Nouveau Tokyo Sakura,nouveautokyosakura1@gmail.com,-304691277,,
kernoem1,Ker Noem,kernoem1@gmail.com,-1101634321,,
pizzaremy1,Pizza Remy,pizzaremy1@gmail.com,-387310670,,
dragonroyal1,Dragon Royal,dragonroyal1@gmail.com,586052654,,
latrattoriaii1,La Trattoria II,latrattoriaii1@gmail.com,472016603,,
ikea1,Ikea,ikea1@gmail.com,-1302217953,,
foodstation1,Food Station,foodstation1@gmail.com,1130599989,,
mcdonald's1,McDonald's,mcdonald's1@gmail.com,-358169224,,
royalkebab1,Royal Kebab,royalkebab1@gmail.com,648381468,,
lejaipur1,Le Jaipur,lejaipur1@gmail.com,1962638814,,
lebistrotdefanfan1,Le Bistrot de Fanfan,lebistrotdefanfan1@gmail.com,-158930638,,
pizzadevenise1,Pizza de Venise,pizzadevenise1@gmail.com,416124631,,
ristorantegiuseppe1,Ristorante Giuseppe,ristorantegiuseppe1@gmail.com,-295845548,,
sushidemarne1,Sushi de Marne,sushidemarne1@gmail.com,500588156,,
restaurantaupetitcaporal1,Restaurant Au Petit Caporal,restaurantaupetitcaporal1@gmail.com,-1391143432,,
andiamopizza1,Andiamo Pizza,andiamopizza1@gmail.com,-1076903909,,
lapetitetabledesaïgon1,La Petite Table de Saïgon,lapetitetabledesaïgon1@gmail.com,-1245703588,,
crêperiesucréesalée1,Crêperie sucrée salée,crêperiesucréesalée1@gmail.com,328601649,,
chaves1,Chaves,chaves1@gmail.com,-303241526,,
ardenza1,Ardenza,ardenza1@gmail.com,1994277843,,
restaurantcampuchea1,Restaurant Campuchea,restaurantcampuchea1@gmail.com,671282929,,
lepoulailler1,Le Poulailler,lepoulailler1@gmail.com,-355881106,,
lecharentonneau1,Le Charentonneau,lecharentonneau1@gmail.com,-1302547048,,
larotisserie1,La Rotisserie,larotisserie1@gmail.com,-1242905970,,
lapruneenboîte1,La Prune en Boîte,lapruneenboîte1@gmail.com,-358704647,,
jasuko1,Jasuko,jasuko1@gmail.com,669650166,,
domino'spizzamaisons-alfort1,Domino's Pizza Maisons-Alfort,domino'spizzamaisons-alfort1@gmail.com,-326240210,,
cafedelagare1,Cafe de  La Gare,cafedelagare1@gmail.com,412615216,,
invinotapas1,In Vino Tapas,invinotapas1@gmail.com,-240140910,,
casadiroma1,Casa Di Roma,casadiroma1@gmail.com,557785980,,
mansio1,Mansio,mansio1@gmail.com,674265943,,
sushiclemenceau1,Sushi Clemenceau,sushiclemenceau1@gmail.com,-357667697,,
thekorner1,The Korner,thekorner1@gmail.com,327554035,,
lerelais1,Le Relais,lerelais1@gmail.com,-2076311543,,
junglethai1,Jungle Thai,junglethai1@gmail.com,1331548279,,
brasseriel'olympique1,Brasserie L'olympique,brasseriel'olympique1@gmail.com,325827272,,
qgmaisonnnais1,QG Maisonnnais,qgmaisonnnais1@gmail.com,-1270225486,,
meatsteakhouse1,Meat Steakhouse,meatsteakhouse1@gmail.com,619717531,,
boulangeriepâtisseriebreadsparadise1,Boulangerie Pâtisserie Breads Paradise,boulangeriepâtisseriebreadsparadise1@gmail.com,-327012516,,
131street1,131 Street,131street1@gmail.com,362651741,,
lesfrèresdacruz1,Les Frères Da Cruz,lesfrèresdacruz1@gmail.com,1329665869,,
creperiedelamairie1,Creperie de la Mairie,creperiedelamairie1@gmail.com,-502595113,,
amakari1,Amakari,amakari1@gmail.com,332088190,,
chamsastacos1,Chamsas Tacos,chamsastacos1@gmail.com,-472151502,,
lelaboàburgers1,Le Labo À Burgers,lelaboàburgers1@gmail.com,527957226,,
boulangerieingridetfrankderache1,Boulangerie Ingrid Et Frank Derache,boulangerieingridetfrankderache1@gmail.com,-299392748,,
labourgogne1,La Bourgogne,labourgogne1@gmail.com,-2136010506,,
laperledumaroc1,La Perle du Maroc,laperledumaroc1@gmail.com,1392343211,,
casabella1,Casa Bella,casabella1@gmail.com,1159318732,,
barbelge1,Bar Belge,barbelge1@gmail.com,-383495539,,
pizzeriajazz1,Pizzeria Jazz,pizzeriajazz1@gmail.com,441984154,,
saintetherese1,Sainte Therese,saintetherese1@gmail.com,-1041727409,,
o'caveau1,O'Caveau,o'caveau1@gmail.com,-1359800483,,
legrandcafedelamairie1,Le Grand Cafe de la Mairie,legrandcafedelamairie1@gmail.com,-561794604,,
leclin'sfactory1,Le Clin's Factory,leclin'sfactory1@gmail.com,-303892719,,
pizzeriaparma1,Pizzeria Parma,pizzeriaparma1@gmail.com,1102982001,,
bharati1,Bharati,bharati1@gmail.com,531089466,,
laresidence1,La Residence,laresidence1@gmail.com,619716605,,
rapidopizza1,Rapido Pizza,rapidopizza1@gmail.com,1445079024,,
chezmichel1,Chez Michel,chezmichel1@gmail.com,-1160057260,,
maisonwako1,Maison Wako,maisonwako1@gmail.com,2109509436,,
restaurantassanabel1,Restaurant Assanabel,restaurantassanabel1@gmail.com,-1155319527,,
ladiva1,La Diva,ladiva1@gmail.com,2106850094,,
sumaya-restaurantjaponais1,Sumaya - Restaurant Japonais,sumaya-restaurantjaponais1@gmail.com,1331488726,,
lepavillonbleu1,Le Pavillon Bleu,lepavillonbleu1@gmail.com,477053207,,
moulinsdumonde1,Moulins du Monde,moulinsdumonde1@gmail.com,1270439248,,
commechezsoi1,Comme Chez Soi,commechezsoi1@gmail.com,-2042706994,,
kinaza1,Kinaza,kinaza1@gmail.com,-386324754,,
ledepot1,Le Depot,ledepot1@gmail.com,2046821477,,
chezgiovanni1,Chez Giovanni,chezgiovanni1@gmail.com,-1049235793,,
lebistrotdebenoit1,Le Bistrot de Benoit,lebistrotdebenoit1@gmail.com,-189403979,,
le581,Le 58,le581@gmail.com,1328658521,,
vianagrill1,Viana Grill,vianagrill1@gmail.com,639977425,,
aubuissonjoyeux1,Au Buisson Joyeux,aubuissonjoyeux1@gmail.com,1299640970,,
méméjeannette1,Mémé Jeannette,méméjeannette1@gmail.com,-327719813,,
le7grill1,Le 7 Grill,le7grill1@gmail.com,1249821738,,
lekristal1,Le Kristal,lekristal1@gmail.com,-214306437,,
lelamparo1,Le Lamparo,lelamparo1@gmail.com,527093384,,
boiteabebert1,Boiteabebert,boiteabebert1@gmail.com,-1183974627,,
l'archipel1,L'Archipel,l'archipel1@gmail.com,674057245,,
chezpujol1,Chez Pujol,chezpujol1@gmail.com,1992430678,,
latramontane1,La Tramontane,latramontane1@gmail.com,-1305378840,,
chezlescouzis1,Chez Les Couzis,chezlescouzis1@gmail.com,-417308946,,
lacotevermeille1,La Cote Vermeille,lacotevermeille1@gmail.com,-2130641214,,
mood1,Mood,mood1@gmail.com,557429148,,
ruaorzann°691,Rua Orzan N°69,ruaorzann°691@gmail.com,2015394798,,
edenrock1,Eden Rock,edenrock1@gmail.com,1330439280,,
lechantdupoulpe1,Le Chant Du Poulpe,lechantdupoulpe1@gmail.com,1105634236,,
portvendre1,Port Vendre,portvendre1@gmail.com,-1218977156,,
restauranttout1monde1,Restaurant Tout 1 Monde,restauranttout1monde1@gmail.com,2103398558,,
côtégers1,Côté Gers,côtégers1@gmail.com,-1041757350,,
lesclosdepaulilles1,Les Clos de Paulilles,lesclosdepaulilles1@gmail.com,-1246865252,,
lecedre1,Le Cedre,lecedre1@gmail.com,498530411,,
lebistrotdelafrance1,Le Bistrot de la France,lebistrotdelafrance1@gmail.com,1333714282,,
solemio1,Sole mio,solemio1@gmail.com,-2103834309,,
lechalut1,Le Chalut,lechalut1@gmail.com,-1132318115,,
lequai1,Le Quai,lequai1@gmail.com,676973975,,
lafringale1,La Fringale,lafringale1@gmail.com,-2071900431,,
lespoissonneriesdelacôtecatalane1,Les Poissonneries de la Côte Catalane,lespoissonneriesdelacôtecatalane1@gmail.com,733286592,,
lerestaurantduport1,Le Restaurant Du Port,lerestaurantduport1@gmail.com,1216610543,,
leportdevénus1,Le Port de Vénus,leportdevénus1@gmail.com,1247413813,,
lepaindejour1,Le Pain de Jour,lepaindejour1@gmail.com,1472720298,,
laterrasse1,La Terrasse,laterrasse1@gmail.com,-1930060611,,
lefranceportvendres1,Le france port vendres,lefranceportvendres1@gmail.com,391127190,,
chezgigi1,Chez Gigi,chezgigi1@gmail.com,-190210234,,
restaurantlesdeuxlevriers-chateaudemirambeau1,Restaurant Les Deux Levriers - Chateau de Mirambeau,restaurantlesdeuxlevriers-chateaudemirambeau1@gmail.com,618887321,,
l'union1,L'UNION,l'union1@gmail.com,-1215676429,,
latabledugolf1,La Table du Golf,latabledugolf1@gmail.com,-297363871,,
aubergedeceilloux1,Auberge de Ceilloux,aubergedeceilloux1@gmail.com,-212377590,,
lesalondethedegabriel1,Le Salon de The de Gabriel,lesalondethedegabriel1@gmail.com,473531953,,
restaurantlabergerie1,Restaurant La Bergerie,restaurantlabergerie1@gmail.com,557868623,,
l'arlequin1,L'Arlequin,l'arlequin1@gmail.com,1217776545,,
lerelaisdelavayres1,Le Relais de la Vayres,lerelaisdelavayres1@gmail.com,1328711377,,
auguste&ferdinand1,Auguste & Ferdinand,auguste&ferdinand1@gmail.com,-1221003014,,
boulangeriepitman1,Boulangerie Pitman,boulangeriepitman1@gmail.com,-1388342991,,
empreinte1,Empreinte,empreinte1@gmail.com,1335621713,,
l'imperial1,L'Imperial,l'imperial1@gmail.com,1329492606,,
romeopizzas1,Romeo Pizzas,romeopizzas1@gmail.com,-2073389895,,
piesandpotes1,Pies and Potes,piesandpotes1@gmail.com,-2051009969,,
ledancing1,Le Dancing,ledancing1@gmail.com,531539893,,
aucœurdel’inde1,Au Cœur de l’Inde,aucœurdel’inde1@gmail.com,1335594776,,
aufeudebois1,Au Feu de Bois,aufeudebois1@gmail.com,-1300757571,,
speedrabbitpizza1,Speed Rabbit Pizza,speedrabbitpizza1@gmail.com,-414177320,,
l'hippo1,L'Hippo,l'hippo1@gmail.com,-2099604201,,
lacense1,La Cense,lacense1@gmail.com,-239247390,,
lespetitesdouceursdephuket1,Les Petites Douceurs de Phuket,lespetitesdouceursdephuket1@gmail.com,-556191015,,
pizzahut1,Pizza Hut,pizzahut1@gmail.com,474422919,,
chezmoncousin1,Chez Mon Cousin,chezmoncousin1@gmail.com,1301868880,,
paul1,Paul,paul1@gmail.com,-1383843646,,
ricordid'asporto1,Ricordi d'Asporto,ricordid'asporto1@gmail.com,-384981002,,
lequai1,Le Quai,lequai1@gmail.com,-1386468143,,
l'oriental1,L'oriental,l'oriental1@gmail.com,2079089009,,
l'emulsionlambersart1,L'emulsion Lambersart,l'emulsionlambersart1@gmail.com,444906615,,
lecanond'or1,Le Canon d'Or,lecanond'or1@gmail.com,1075216851,,
boulangeriebele1,Boulangerie Bele,boulangeriebele1@gmail.com,-382752686,,
lebistrotducanond'or1,Le bistrot du Canon d'or,lebistrotducanond'or1@gmail.com,-328084335,,
lapetiteauberge1,La Petite Auberge,lapetiteauberge1@gmail.com,-329992855,,
villaiacazio1,Villa Iacazio,villaiacazio1@gmail.com,502374724,,
lemazagan1,le Mazagan,lemazagan1@gmail.com,-352985829,,
f.b.i1,F.B.I,f.b.i1@gmail.com,1333182937,,
domino'spizza1,Domino's Pizza,domino'spizza1@gmail.com,1105816018,,
latableducolysee1,La Table du Colysee,latableducolysee1@gmail.com,1331545399,,
lalaiterie1,La Laiterie,lalaiterie1@gmail.com,1191640071,,
lesroselières1,Les Roselières,lesroselières1@gmail.com,1307504247,,
lekiosqueapizzas1,Le Kiosque a Pizzas,lekiosqueapizzas1@gmail.com,-2100047967,,
viacaro1,Via Caro,viacaro1@gmail.com,-213384867,,
lesvedettes1,Les Vedettes,lesvedettes1@gmail.com,640153323,,
lepush1,Le Push,lepush1@gmail.com,356160158,,
dina1,Dina,dina1@gmail.com,477022208,,
snackducentre1,Snack Du Centre,snackducentre1@gmail.com,-1127548609,,
arianarestaurant1,Ariana Restaurant,arianarestaurant1@gmail.com,1361990739,,
crêperiecalanaise1,Crêperie Calanaise,crêperiecalanaise1@gmail.com,-1069314928,,
lacreperiedesetangs1,La Creperie des Etangs,lacreperiedesetangs1@gmail.com,556470969,,
kelanpizza1,Kelan Pizza,kelanpizza1@gmail.com,-300107528,,
l'aubergedelabrie1,L'Auberge de la Brie,l'aubergedelabrie1@gmail.com,-1386469067,,
fuwa1,Fuwa,fuwa1@gmail.com,1360827155,,
pizzaital1,Pizza Ital,pizzaital1@gmail.com,1299668970,,
mcdonald's1,McDonald's,mcdonald's1@gmail.com,474485237,,
lacasa1,La Casa,lacasa1@gmail.com,354342032,,
miapizza1,Mia Pizza,miapizza1@gmail.com,357174074,,
pommeauxfourneaux1,Pomme Aux Fourneaux,pommeauxfourneaux1@gmail.com,-1270075699,,
lesmarmottesgourmandes1,Les marmottes gourmandes,lesmarmottesgourmandes1@gmail.com,2102297037,,
auchevalnoir1,Au Cheval Noir,auchevalnoir1@gmail.com,525430039,,
casatiglio1,Casa Tiglio,casatiglio1@gmail.com,-1133064848,,
restaurantautilleul1,Restaurant Au Tilleul,restaurantautilleul1@gmail.com,-384980939,,
autramway1,AU Tramway,autramway1@gmail.com,-1301567630,,
mcdonald's1,McDonald's,mcdonald's1@gmail.com,1421960303,,
lapizzadenicohoenheim1,La Pizza de Nico Hoenheim,lapizzadenicohoenheim1@gmail.com,1246316192,,
lesdelicesd'angeliqueetcie1,Les delices d'angelique et Cie,lesdelicesd'angeliqueetcie1@gmail.com,501482910,,
gangofpizza1,Gang Of Pizza,gangofpizza1@gmail.com,-355792730,,
aupaind'autrefois1,Au Pain D'autrefois,aupaind'autrefois1@gmail.com,-1334903766,,
gervaise1,Gervaise,gervaise1@gmail.com,-2019610375,,
aubléd'or1,Au Blé D'or,aubléd'or1@gmail.com,-1387420368,,
lecentralbrasseriepizzeriacreperie1,Le Central Brasserie Pizzeria Creperie,lecentralbrasseriepizzeriacreperie1@gmail.com,-1241263709,,
hoteldefranceisignysurmer1,Hotel de France Isigny Sur Mer,hoteldefranceisignysurmer1@gmail.com,-383136960,,
mcdonald's1,McDonald's,mcdonald's1@gmail.com,-414147716,,
leversailles1,Le Versailles,leversailles1@gmail.com,2100686609,,
aubergedulac1,Auberge Du Lac,aubergedulac1@gmail.com,531684107,,
aubergedulac1,Auberge du Lac,aubergedulac1@gmail.com,2130029668,,
cafeducentredecarentan1,Cafe du Centre De Carentan,cafeducentredecarentan1@gmail.com,-2043839017,,
letruckulent1,Le Truckulent,letruckulent1@gmail.com,1247118482,,
pizzapalace1,Pizza Palace,pizzapalace1@gmail.com,1416363284,,
lederby1,Le Derby,lederby1@gmail.com,582896944,,
lafourchettesansgêne1,La fourchette sans gêne,lafourchettesansgêne1@gmail.com,-157913125,,
lespontsd'ouve1,Les Ponts d'Ouve,lespontsd'ouve1@gmail.com,1361101070,,
l'escapade1,L'Escapade,l'escapade1@gmail.com,584416967,,
aubergenormande1,Auberge Normande,aubergenormande1@gmail.com,418091920,,
restaurantonclescott's1,restaurant Oncle Scott's,restaurantonclescott's1@gmail.com,332979033,,
quai161,Quai 16,quai161@gmail.com,-300017061,,
pizzeriadesarcades1,Pizzeria des Arcades,pizzeriadesarcades1@gmail.com,1162208424,,
lesforges1,les Forges,lesforges1@gmail.com,730388401,,
lamaritza1,La Maritza,lamaritza1@gmail.com,-1356023780,,
le101emeairborne1,Le 101eme Airborne,le101emeairborne1@gmail.com,1213300209,,
lekiosqueapizzas1,le kiosque a pizzas,lekiosqueapizzas1@gmail.com,727682909,,
lequai161,Le Quai 16,lequai161@gmail.com,2047632314,,
l'escaledessens1,L'Escale des Sens,l'escaledessens1@gmail.com,-215023403,,
larenaissance1,La Renaissance,larenaissance1@gmail.com,501268303,,
aufourabois1,Au Four A Bois,aufourabois1@gmail.com,500260404,,
laclédubonheur1,La Clé du Bonheur,laclédubonheur1@gmail.com,-1274574044,,
bancdel'ours1,Banc de l'ours,bancdel'ours1@gmail.com,2104348894,,
gitedelamoliere1,Gite de La Moliere,gitedelamoliere1@gmail.com,468351411,,
restaurantl'épicéa1,Restaurant l'Épicéa,restaurantl'épicéa1@gmail.com,700869271,,
cafeoutrelans1,Cafe Outrelans,cafeoutrelans1@gmail.com,328420084,,
lerefugedegève1,Le refuge de Gève,lerefugedegève1@gmail.com,-1217585779,,
chalethotelaufeudebois1,Chalet Hotel Au Feu de Bois,chalethotelaufeudebois1@gmail.com,-296325772,,
l'épicurieux1,L'Épicurieux,l'épicurieux1@gmail.com,-2079762216,,
snackl'igloo1,Snack L'Igloo,snackl'igloo1@gmail.com,-410458377,,
restaurantdel'hoteldelaposte1,Restaurant de L'Hotel de la Poste,restaurantdel'hoteldelaposte1@gmail.com,2102501945,,
laflambee1,La Flambee,laflambee1@gmail.com,-2079078107,,
lepalaisdelapizza1,Le Palais De La Pizza,lepalaisdelapizza1@gmail.com,1076081558,,
restaurantlevernay1,Restaurant Le Vernay,restaurantlevernay1@gmail.com,-1992924403,,
hotelrestaurantlestilleuls1,Hotel Restaurant Les Tilleuls,hotelrestaurantlestilleuls1@gmail.com,726759412,,
restaurantlabuffe1,Restaurant La Buffe,restaurantlabuffe1@gmail.com,1222090132,,
lacrèperie1,La Crèperie,lacrèperie1@gmail.com,-357455939,,
lesamovar1,Le Samovar,lesamovar1@gmail.com,1386774966,,
chezfrancis1,Chez Francis,chezfrancis1@gmail.com,359762949,,
lechaletsuisse1,Le Chalet Suisse,lechaletsuisse1@gmail.com,1134381768,,
louchabrot1,Lou Chabrot,louchabrot1@gmail.com,1334851119,,
aucoincosy1,Au Coin Cosy,aucoincosy1@gmail.com,-299517430,,
restaurantcelia1,Restaurant Celia,restaurantcelia1@gmail.com,-300433483,,
brasseriedupalais1,Brasserie du Palais,brasseriedupalais1@gmail.com,334114975,,
l'arretbougnette1,L'Arret Bougnette,l'arretbougnette1@gmail.com,734150715,,
lafermedes3ours1,La Ferme des 3 Ours,lafermedes3ours1@gmail.com,330294876,,
lecafécomptoir1,Le Café Comptoir,lecafécomptoir1@gmail.com,-360936868,,
hoteldubuet1,Hotel du Buet,hoteldubuet1@gmail.com,-1215588886,,
moontines1,Moon Tines,moontines1@gmail.com,-298381378,,
cascadedebérard1,Cascade de Bérard,cascadedebérard1@gmail.com,1302440341,,
lerelaisdelachapelle1,Le Relais de la Chapelle,lerelaisdelachapelle1@gmail.com,1450495154,,
secretdepain1,Secret de Pain,secretdepain1@gmail.com,-1070473980,,
lepulverinien1,Le Pulverinien,lepulverinien1@gmail.com,-1129455178,,
lemoulinapizza1,Le Moulin a Pizza,lemoulinapizza1@gmail.com,469960069,,
lecrapahuteur1,Le Crapahuteur,lecrapahuteur1@gmail.com,-2103211797,,
planesrestaurant1,Planes Restaurant,planesrestaurant1@gmail.com,-1387334928,,
lechaletdespizzas1,Le Chalet des Pizzas,lechaletdespizzas1@gmail.com,-1390222861,,
aumatincalme1,Au Matin Calme,aumatincalme1@gmail.com,2135901616,,
lerelaisdeciteaux1,Le Relais de Citeaux,lerelaisdeciteaux1@gmail.com,1217596685,,
lagarenne1,La Garenne,lagarenne1@gmail.com,1245571610,,
pizzerialourouchetou1,Pizzeria Lou Rouchetou,pizzerialourouchetou1@gmail.com,-269776229,,
ladolcevita1,La Dolce Vita,ladolcevita1@gmail.com,-275294475,,
roulemapoule1,Roule Ma Poule,roulemapoule1@gmail.com,-1333796750,,
lelocal1,Le Local,lelocal1@gmail.com,-2104100529,,
lecalaberbypb1,Le Calaber By PB,lecalaberbypb1@gmail.com,504725884,,
le13h1,Le 13h,le13h1@gmail.com,-184551889,,
l'utopie1,L'Utopie,l'utopie1@gmail.com,-418583540,,
paprika1,Paprika,paprika1@gmail.com,-1127584080,,
l'olivo1,L'Olivo,l'olivo1@gmail.com,588943308,,
lasandwicherie1,La Sandwicherie,lasandwicherie1@gmail.com,-1993964143,,
cafedelasardine1,Cafe de la Sardine,cafedelasardine1@gmail.com,-2044580939,,
domainedelajeanne1,Domaine de la Jeanne,domainedelajeanne1@gmail.com,386726740,,
doncamillo1,Don Camillo,doncamillo1@gmail.com,-2107494784,,
koyal1,Koyal,koyal1@gmail.com,-1071276416,,
lafeuilledechou1,La Feuille de Chou,lafeuilledechou1@gmail.com,-1418765363,,
cafédelabourse1,Café de la Bourse,cafédelabourse1@gmail.com,-2136154754,,
doudouburger1,Doudou Burger,doudouburger1@gmail.com,562072722,,
boulangerielamied'ailleurs1,Boulangerie La Mie d'Ailleurs,boulangerielamied'ailleurs1@gmail.com,2133127984,,
cotejardin1,Cote Jardin,cotejardin1@gmail.com,-211570466,,
barlemocco1,bar le Mocco,barlemocco1@gmail.com,-187586796,,
leserredebar1,Le Serre de Bar,leserredebar1@gmail.com,584300563,,
ledardaillon1,Le Dardaillon,ledardaillon1@gmail.com,558497716,,
l'olivierdepaiolive1,L'Olivier de Paiolive,l'olivierdepaiolive1@gmail.com,-1246802110,,
cuisineindonésiennecheznatalie1,Cuisine Indonésienne Chez Natalie,cuisineindonésiennecheznatalie1@gmail.com,-1127671741,,
cafémondé1,Café Mondé,cafémondé1@gmail.com,-213390601,,
lemeltingpot1,Le Melting Pot,lemeltingpot1@gmail.com,331131906,,
legrangousier1,Le Grangousier,legrangousier1@gmail.com,-414770943,,
leparc1,Le Parc,leparc1@gmail.com,2131161935,,
aubergedechanaleilles1,Auberge De Chanaleilles,aubergedechanaleilles1@gmail.com,1071531259,,
lecarmel1,Le Carmel,lecarmel1@gmail.com,699078962,,
likoke1,Likoke,likoke1@gmail.com,561539492,,
letangana1,Le tangana,letangana1@gmail.com,475443254,,
latannerie1,La Tannerie,latannerie1@gmail.com,1272791562,,
chezalex1,Chez Alex,chezalex1@gmail.com,-2020630894,,
larécré1,La Récré,larécré1@gmail.com,-502685575,,
lecafédumidi1,Le Café du Midi,lecafédumidi1@gmail.com,355264477,,
l'aubergedegravières1,L'auberge de Gravières,l'aubergedegravières1@gmail.com,699141426,,
labrasserie1,La Brasserie,labrasserie1@gmail.com,-212256501,,
cara'pizz1,Cara'Pizz,cara'pizz1@gmail.com,-1071304259,,
laterrassedepommiers1,La Terrasse de Pommiers,laterrassedepommiers1@gmail.com,-1387395476,,
lesterrassesdepommiers1,Les Terrasses De Pommiers,lesterrassesdepommiers1@gmail.com,-1270048756,,
lepetitbourg1,Le Petit Bourg,lepetitbourg1@gmail.com,474517939,,
lebakero1,Le Bakero,lebakero1@gmail.com,-241089542,,
lebontemps1,Le Bon Temps,lebontemps1@gmail.com,1334728977,,
burgerking1,Burger King,burgerking1@gmail.com,-332639383,,
subway1,Subway,subway1@gmail.com,2018198837,,
subway1,Subway,subway1@gmail.com,-1212015854,,
kfc1,KFC,kfc1@gmail.com,2019176239,,
mcdonald's1,McDonald's ,mcdonald's1@gmail.com,-2072761574,,
mcdonald's1,McDonald's ,mcdonald's1@gmail.com,445674356,,
caferestaurantdelaposte1,Cafe Restaurant de la Poste,caferestaurantdelaposte1@gmail.com,505822387,,
cafedessports1,Cafe Des Sports,cafedessports1@gmail.com,589304887,,
l'echappeebelle1,L'Echappee Belle,l'echappeebelle1@gmail.com,583728144,,
laguinguettedelaplage1,La Guinguette de la plage,laguinguettedelaplage1@gmail.com,-190123960,,
creperiegeorgesand1,Creperie George Sand,creperiegeorgesand1@gmail.com,357017457,,
t-me1,T-ME,t-me1@gmail.com,-1304425676,,
aumontagnard1,Au Montagnard,aumontagnard1@gmail.com,-1247937978,,
loucavayo1,Lou cava yo,loucavayo1@gmail.com,470672114,,
lepicotin1,Le Picotin,lepicotin1@gmail.com,-1213437151,,
l'arbaléte1,L'Arbaléte,l'arbaléte1@gmail.com,2022816634,,
domainedulacchambon1,Domaine du Lac Chambon,domainedulacchambon1@gmail.com,-561670579,,
aubergedelaplagelacchambonmurol1,Auberge de la Plage Lac Chambon Murol,aubergedelaplagelacchambonmurol1@gmail.com,1188876952,,
ajouretnuit1,A Jour et Nuit,ajouretnuit1@gmail.com,-1414200739,,
latabledejosephine1,La Table de Josephine,latabledejosephine1@gmail.com,1127888323,,
restaurantle1081,Restaurant Le 108,restaurantle1081@gmail.com,531715696,,
lerendezvous1,Le Rendez Vous,lerendezvous1@gmail.com,2131791888,,
monsieurolive1,Monsieur Olive,monsieurolive1@gmail.com,-2128024778,,
restaurantdelagare1,Restaurant de la Gare,restaurantdelagare1@gmail.com,-2075023404,,
lerelaisdumenil-brout1,Le Relais du Menil-Brout,lerelaisdumenil-brout1@gmail.com,-2135203173,,
lesminots1,Les Minots,lesminots1@gmail.com,-1297782408,,
mariobistro1,Mario Bistro,mariobistro1@gmail.com,358901052,,
lafromageriedechristophe1,La Fromagerie De Christophe,lafromageriedechristophe1@gmail.com,556558663,,
lagardette1,La Gardette,lagardette1@gmail.com,-502807401,,
restaurantdokboua1,Restaurant Dokboua,restaurantdokboua1@gmail.com,-1415188553,,
lavillacassaro1,La Villa Cassaro,lavillacassaro1@gmail.com,412431664,,
lapizzadumoulin1,La Pizza Du Moulin,lapizzadumoulin1@gmail.com,2019233810,,
o'beauvin1,O'beauvin,o'beauvin1@gmail.com,-474087142,,
lefournildelatiranne1,Le fournil de La Tiranne,lefournildelatiranne1@gmail.com,2018287347,,
l'outaugourmand1,L'Outau Gourmand,l'outaugourmand1@gmail.com,1415496524,,
pizz'adore1,Pizz'Adore,pizz'adore1@gmail.com,728695897,,
lepanorama1,Le Panorama,lepanorama1@gmail.com,-1276660410,,
oustaugourmand1,Oustau Gourmand,oustaugourmand1@gmail.com,389465595,,
lessaveursd'enrica1,Les Saveurs d'Enrica,lessaveursd'enrica1@gmail.com,-1158955954,,
pizzalea1,Pizza Lea,pizzalea1@gmail.com,1303484073,,
jaïthaï1,Jaï Thaï,jaïthaï1@gmail.com,-325248368,,
lerelaisdupassetemps1,Le Relais Du Passe Temps,lerelaisdupassetemps1@gmail.com,-1097942032,,
laquintatableprovençale1,La Quinta Table Provençale,laquintatableprovençale1@gmail.com,-2071395662,,
ocigales1,O Cigales,ocigales1@gmail.com,2129289757,,
pizzeriavesuvio1,pizzeria Vesuvio,pizzeriavesuvio1@gmail.com,644649623,,
lesalonprovençal1,Le Salon Provençal,lesalonprovençal1@gmail.com,-1305014563,,
lereseda1,Le Reseda,lereseda1@gmail.com,-2128050727,,
soird'hanoi1,Soir d'Hanoi,soird'hanoi1@gmail.com,642749731,,
lepatiodumasd'allauch1,Le Patio du Mas D' Allauch,lepatiodumasd'allauch1@gmail.com,411483159,,
côtédélices1,Côté Délices,côtédélices1@gmail.com,-1211888978,,
labauquiere1,La Bauquiere,labauquiere1@gmail.com,-2128231488,,
centralperk1,Central Perk,centralperk1@gmail.com,-445340694,,
rotisseriedugarlaban1,Rotisserie du Garlaban,rotisseriedugarlaban1@gmail.com,1217742973,,
lespetitsplatsdemarie1,Les petits plats de Marie,lespetitsplatsdemarie1@gmail.com,1416298965,,
restaurantiod'in1,Restaurant Iod'in,restaurantiod'in1@gmail.com,-361149316,,
aumoulinbleu1,Au Moulin Bleu,aumoulinbleu1@gmail.com,617012220,,
malou1,Malou,malou1@gmail.com,2045927508,,
brasseriedelamairielepicurien1,Brasserie De La Mairie l Epicurien,brasseriedelamairielepicurien1@gmail.com,556923874,,
l'èredutemps1,L'ère du Temps,l'èredutemps1@gmail.com,-412005437,,
l'aubergedemauvaisin1,L'auberge De Mauvaisin,l'aubergedemauvaisin1@gmail.com,-325880398,,
lesplatanes1,Les Platanes,lesplatanes1@gmail.com,1421007707,,
lerelaisdediane1,Le Relais de Diane,lerelaisdediane1@gmail.com,-353882232,,
hôtelsaint-pierre1,Hôtel Saint-Pierre,hôtelsaint-pierre1@gmail.com,-413255847,,
friteriecolé1,Friterie Colé,friteriecolé1@gmail.com,-1241449399,,
charcuteriecolé1,Charcuterie Colé,charcuteriecolé1@gmail.com,-1126723111,,
laflambéedescuivres1,La Flambée des Cuivres,laflambéedescuivres1@gmail.com,-301926667,,
suprachaineolepicier1,Supra Chaine O Lepicier,suprachaineolepicier1@gmail.com,1474507536,,
lepussoirfidele1,Le Pussoir Fidele,lepussoirfidele1@gmail.com,329255938,,
alatableronde1,A la Table Ronde,alatableronde1@gmail.com,525434813,,
leregal1,Le Regal,leregal1@gmail.com,-301244386,,
aucroissantd'or1,Au Croissant D'Or,aucroissantd'or1@gmail.com,-2048240459,,
couscous1,Couscous,couscous1@gmail.com,1994092308,,
laboutiquedudinandier1,La Boutique du Dinandier,laboutiquedudinandier1@gmail.com,-1928392288,,
lafermedemalte1,La Ferme de Malte,lafermedemalte1@gmail.com,-2051012909,,
lesamovar1,Le Samovar,lesamovar1@gmail.com,2109626613,,
lemoulinàcafé1,Le Moulin à Café,lemoulinàcafé1@gmail.com,2132000892,,
l'agora1,L'agora,l'agora1@gmail.com,414395953,,
lacuisinedeleonie1,La cuisine de Leonie,lacuisinedeleonie1@gmail.com,-416680854,,
bardudinandier1,Bar du Dinandier,bardudinandier1@gmail.com,561421383,,
pizzeriasourdine1,Pizzeria Sourdine,pizzeriasourdine1@gmail.com,-553574338,,
levoyageur1,Le Voyageur,levoyageur1@gmail.com,-2017828564,,
l'union1,L'union,l'union1@gmail.com,1189712281,,
lecentre1,Le Centre,lecentre1@gmail.com,-1988245044,,
l'atelier1,L' Atelier,l'atelier1@gmail.com,-1386583588,,
hotelrestaurantlapromenade1,Hotel Restaurant La Promenade,hotelrestaurantlapromenade1@gmail.com,-329064373,,
lemelkinn's1,Le Melkinn's,lemelkinn's1@gmail.com,-1932955026,,
cafedelaposte1,Cafe de la Poste,cafedelaposte1@gmail.com,525992134,,
relais3751,Relais 375,relais3751@gmail.com,582659638,,
lyceestjosephrestaurantd'application1,Lycee St Joseph Restaurant d'Application,lyceestjosephrestaurantd'application1@gmail.com,-1276212426,,
chezbrigitte1,Chez Brigitte,chezbrigitte1@gmail.com,-2128769403,,
dali's1,Dali's,dali's1@gmail.com,-1442028511,,
l'epicurien1,L'Epicurien,l'epicurien1@gmail.com,1159442605,,
lemonastir1,Le Monastir,lemonastir1@gmail.com,-1273764815,,
lestexupéry1,Le St Exupéry,lestexupéry1@gmail.com,2130005392,,
del'entreeaudessert1,De l'Entree Au Dessert,del'entreeaudessert1@gmail.com,-1073066514,,
les4z'arts1,Les 4 Z'Arts,les4z'arts1@gmail.com,1444090149,,
aufeudebois1,Au Feu de Bois,aufeudebois1@gmail.com,-181838930,,
pizzavival1,Pizza Vival,pizzavival1@gmail.com,-418468068,,
boulangeriemarieblachere1,Boulangerie Marie Blachere,boulangeriemarieblachere1@gmail.com,-1077857101,,
lerelaisdelaglèbe1,Le Relais de la Glèbe,lerelaisdelaglèbe1@gmail.com,1271959493,,
l'assiettegourmande1,L'Assiette Gourmande,l'assiettegourmande1@gmail.com,2133162673,,
cotesaveurs1,Cote Saveurs,cotesaveurs1@gmail.com,-2136515156,,
lestaminet1,L Estaminet,lestaminet1@gmail.com,-500836453,,
l'estaminet1,L'Estaminet,l'estaminet1@gmail.com,-1388317941,,
jacquesadit1,Jacques a dit,jacquesadit1@gmail.com,-1131188846,,
lagabelle1,La Gabelle,lagabelle1@gmail.com,-1273828272,,
milkcafe1,Milk Cafe,milkcafe1@gmail.com,-330879698,,
ladouc'heure1,La Douc'heure,ladouc'heure1@gmail.com,-356591196,,
l'entrenous1,L'Entre Nous,l'entrenous1@gmail.com,2021797784,,
leflorian1,Le Florian,leflorian1@gmail.com,676887514,,
marycia1,Marycia,marycia1@gmail.com,1307504125,,
lapassiflore1,La Passiflore,lapassiflore1@gmail.com,-1447417577,,
lecesaree1,Le Cesaree,lecesaree1@gmail.com,-2100139111,,
lebistrot1,Le Bistrot,lebistrot1@gmail.com,-1964381554,,
hadai1,Ha Dai,hadai1@gmail.com,1277473716,,
aubergedelaposte1,Auberge de la Poste,aubergedelaposte1@gmail.com,612329367,,
cafédesarcades1,Café Des arcades,cafédesarcades1@gmail.com,-1305877506,,
royalsaigon1,Royal Saigon,royalsaigon1@gmail.com,2132207377,,
bentokanoya1,Bento Kanoya,bentokanoya1@gmail.com,-442597994,,
lesaintjean1,le saint jean,lesaintjean1@gmail.com,-1159041414,,
lerelaisdefarrourestaurantgastronomique-hôteldecharme1,Le Relais de Farrou Restaurant Gastronomique - Hôtel de Charme,lerelaisdefarrourestaurantgastronomique-hôteldecharme1@gmail.com,533620554,,
pizzaroyale1,Pizza Royale,pizzaroyale1@gmail.com,-1269779338,,
leshautsparleurs1,Les Hauts Parleurs,leshautsparleurs1@gmail.com,-1158956135,,
delicekebab1,Delice Kebab,delicekebab1@gmail.com,1188839565,,
leglacier1,Le Glacier,leglacier1@gmail.com,473895362,,
lefrance1,Le France,lefrance1@gmail.com,-1331055020,,
mcdonald's1,McDonald's,mcdonald's1@gmail.com,-1241593638,,
fournier-mirault1,Fournier-Mirault,fournier-mirault1@gmail.com,642864146,,
lechauvesourit1,Le Chauve Sourit,lechauvesourit1@gmail.com,-1988361572,,
l'amipierrot1,L'ami Pierrot,l'amipierrot1@gmail.com,-446438090,,
lesamandiers1,Les Amandiers,lesamandiers1@gmail.com,-1936621296,,
lejardindesifs1,Le Jardin Des Ifs,lejardindesifs1@gmail.com,2103521684,,
lesremparts1,Les Remparts,lesremparts1@gmail.com,-558215812,,
hostellerielevieuxlogis1,Hostellerie Le Vieux Logis,hostellerielevieuxlogis1@gmail.com,501478879,,
lesjardinsduvidamé1,Les Jardins du Vidamé,lesjardinsduvidamé1@gmail.com,-358772014,,
l'ateliergourmanddesarah1,l'Atelier Gourmand de Sarah,l'ateliergourmanddesarah1@gmail.com,1164892341,,
cap2701,Cap 270,cap2701@gmail.com,-301454093,,
lebistrotdumarche1,Le Bistrot Du Marche,lebistrotdumarche1@gmail.com,1073407311,,
cheztonton1,Chez Tonton,cheztonton1@gmail.com,-2134574990,,
cafeduport1,Cafe du Port,cafeduport1@gmail.com,-1963254451,,
creperiesaintnicolas1,Creperie Saint Nicolas,creperiesaintnicolas1@gmail.com,-1219963026,,
lagalere.dom1,Lagalere.dom,lagalere.dom1@gmail.com,-2102727109,,
lap'titecasquette1,La P'tite Casquette,lap'titecasquette1@gmail.com,-2104754886,,
leterminus1,Le Terminus,leterminus1@gmail.com,1214941687,,
chezyoyo1,Chez Yoyo,chezyoyo1@gmail.com,1246220911,,
lesartisansdupainbyjeromeetantoine1,Les artisans du pain by Jerome et Antoine,lesartisansdupainbyjeromeetantoine1@gmail.com,-2130019822,,
lagalere1,La Galere,lagalere1@gmail.com,-1214756820,,
lebistrot1,Le Bistrot,lebistrot1@gmail.com,417171164,,
auxbaroudeurs1,Aux Baroudeurs,auxbaroudeurs1@gmail.com,-1992834039,,
latavernedespecheurs1,La Taverne des Pecheurs,latavernedespecheurs1@gmail.com,-1049055063,,
lessarments1,Les Sarments,lessarments1@gmail.com,-299452367,,
lagodille1,La Godille,lagodille1@gmail.com,-161610866,,
lamariegalante1,La Marie Galante,lamariegalante1@gmail.com,358149424,,
lapasserelle1,La Passerelle,lapasserelle1@gmail.com,-298742899,,
l'escale1,L'Escale,l'escale1@gmail.com,-2072344164,,
restaurantdel'hotelpenbron1,Restaurant de l'Hotel Pen Bron,restaurantdel'hotelpenbron1@gmail.com,-1076790543,,
creperieduplatpays1,Creperie du plat pays,creperieduplatpays1@gmail.com,443773688,,
lachaloupe1,La Chaloupe,lachaloupe1@gmail.com,-1129574401,,
restaurantl'océane1,Restaurant l'Océane,restaurantl'océane1@gmail.com,-1212491373,,
lacotrinade1,La Cotrinade,lacotrinade1@gmail.com,-388643243,,
lepetitmousse'tapha1,Le Petit Mousse 'Tapha,lepetitmousse'tapha1@gmail.com,1102089070,,
casse-croutevendeen1,Casse-Croute Vendeen,casse-croutevendeen1@gmail.com,-1184037215,,
restaurantparamy1,Restaurant PARAMY,restaurantparamy1@gmail.com,1274705940,,
labouled'orrestaurant1,La Boule D'or Restaurant,labouled'orrestaurant1@gmail.com,2103429311,,
lepoulbot1,Le Poulbot,lepoulbot1@gmail.com,-1042708496,,
aubergedelabruyere1,Auberge de la Bruyere,aubergedelabruyere1@gmail.com,-1447356143,,
restaurantlefrance1,Restaurant Le France,restaurantlefrance1@gmail.com,1247863346,,
l'express1,L'Express,l'express1@gmail.com,1415464663,,
lerelaisdubreuil1,Le Relais du Breuil,lerelaisdubreuil1@gmail.com,1960105675,,
villafolavril1,Villa Fol Avril,villafolavril1@gmail.com,1075312855,,
aubergedel'abbaye1,Auberge de l'Abbaye,aubergedel'abbaye1@gmail.com,1135193570,,
sushinobara1,Sushi Nobara,sushinobara1@gmail.com,414396972,,
lestromboli1,Le Stromboli,lestromboli1@gmail.com,533922525,,
lessaveursportugaises1,Les Saveurs Portugaises,lessaveursportugaises1@gmail.com,533623189,,
lapayotte1,La Payotte,lapayotte1@gmail.com,588798198,,
auxange-vins1,Aux Ange-Vins,auxange-vins1@gmail.com,502077438,,
zen1,Zen,zen1@gmail.com,2106883054,,
lepalaisdenoyon1,Le Palais de Noyon,lepalaisdenoyon1@gmail.com,-268618344,,
macdonald's1,Mac Donald's,macdonald's1@gmail.com,-1931108791,,
lafringale1,La Fringale,lafringale1@gmail.com,1244193133,,
gpk_restaurant1,Gpk_Restaurant,gpk_restaurant1@gmail.com,726723824,,
boulangeriemarieblachere1,Boulangerie Marie Blachere,boulangeriemarieblachere1@gmail.com,529247105,,
atlantis1,Atlantis,atlantis1@gmail.com,1359042398,,
dreamfood1,Dream Food,dreamfood1@gmail.com,-298705513,,
dreamfood1,Dream Food,dreamfood1@gmail.com,470917285,,
l'asiane1,L'Asiane,l'asiane1@gmail.com,1271898954,,
damejourne1,Dame Journe,damejourne1@gmail.com,1306071122,,
tacoso'max1,Tacos O'max,tacoso'max1@gmail.com,-504622829,,
lecomptoirdestempliers1,Le Comptoir des Templiers,lecomptoirdestempliers1@gmail.com,2133036788,,
buffalogrill1,Buffalo Grill,buffalogrill1@gmail.com,-181837219,,
bistrotd'enface1,Bistrot D'en Face,bistrotd'enface1@gmail.com,734239030,,
legalway1,Le Galway,legalway1@gmail.com,1335717847,,
lechateaududragond'or1,Le Chateau du Dragon d'Or,lechateaududragond'or1@gmail.com,1331424461,,
auxdélicesdel'orient1,Aux Délices De L'orient,auxdélicesdel'orient1@gmail.com,-2047382259,,
lecomptoirdumalt1,Le Comptoir du Malt,lecomptoirdumalt1@gmail.com,-1191608058,,
mcdonald's1,McDonald's,mcdonald's1@gmail.com,-1072107464,,
lapetiteferme1,La Petite Ferme,lapetiteferme1@gmail.com,1133583899,,
lecentre1,Le Centre,lecentre1@gmail.com,-2103836235,,
lechoucas1,Le Choucas,lechoucas1@gmail.com,-447217527,,
letetras1,Le Tetras,letetras1@gmail.com,-1301683976,,
l'avalancherestaurant1,L'Avalanche restaurant,l'avalancherestaurant1@gmail.com,1249235652,,
restaurantd'altitudelesaints'o1,Restaurant d'Altitude Le Saint S'O,restaurantd'altitudelesaints'o1@gmail.com,-276219763,,
l'aubergedesturins1,L'Auberge des Turins,l'aubergedesturins1@gmail.com,1362881837,,
labergerie1,La Bergerie,labergerie1@gmail.com,529276987,,
lecerfauboisd'argent1,Le Cerf au Bois d'Argent,lecerfauboisd'argent1@gmail.com,-1990244108,,
lesneiges1,Les Neiges,lesneiges1@gmail.com,-327096492,,
latabledeféroníe1,La Table de Féroníe,latabledeféroníe1@gmail.com,-1360761510,,
chaletducoldelacroixdefer1,Chalet du Col de la Croix de Fer,chaletducoldelacroixdefer1@gmail.com,-1985478478,,
lechaletdumoulin1,Le Chalet du Moulin,lechaletdumoulin1@gmail.com,-1964352754,,
letrappeur1,Le Trappeur,letrappeur1@gmail.com,1275213440,,
legrandmont1,Le Grand Mont,legrandmont1@gmail.com,-384353743,,
legroscaillou1,Le Gros Caillou,legroscaillou1@gmail.com,-1155286853,,
lerégalsavoyard1,Le Régal Savoyard,lerégalsavoyard1@gmail.com,-2104045937,,
cheznath1,Chez Nath,cheznath1@gmail.com,644772725,,
l'aroma1,L'Aroma,l'aroma1@gmail.com,-324567853,,
lebarock1,Le Barock,lebarock1@gmail.com,-1241233798,,
horspiste1,Hors Piste,horspiste1@gmail.com,1327733174,,
l'alpe1,l'alpe,l'alpe1@gmail.com,1244198866,,
aubergedelamole1,Auberge de la Mole,aubergedelamole1@gmail.com,1131736888,,
lebistrotgourmet1,Le Bistrot Gourmet,lebistrotgourmet1@gmail.com,563119414,,
lamaisondejulie1,La Maison De Julie,lamaisondejulie1@gmail.com,382911633,,
lepartage1,Le Partage,lepartage1@gmail.com,-243889927,,
lemagnan1,Le Magnan,lemagnan1@gmail.com,1419959376,,
boulangeriedelamole1,Boulangerie de La Mole,boulangeriedelamole1@gmail.com,-2133563123,,
letrappeur1,Le Trappeur,letrappeur1@gmail.com,-329605175,,
l'operarestaurant1,L'Opera Restaurant,l'operarestaurant1@gmail.com,1218401044,,
lesjardinsromains1,Les Jardins Romains,lesjardinsromains1@gmail.com,331224225,,
lesimbad1,Le Simbad,lesimbad1@gmail.com,-2070941263,,
lalqila1,Lal Qila,lalqila1@gmail.com,1156549164,,
lestradivarius1,Le Stradivarius,lestradivarius1@gmail.com,1161999924,,
kebablesdeuxfreres1,Kebab Les Deux Freres,kebablesdeuxfreres1@gmail.com,-239276937,,
pizzabonici1,Pizza Bonici,pizzabonici1@gmail.com,332024645,,
brasseriechezmax1,Brasserie Chez Max,brasseriechezmax1@gmail.com,1245269516,,
restaurantdumarchechezelo1,Restaurant du Marche Chez Elo,restaurantdumarchechezelo1@gmail.com,-356769138,,
auremp’arts1,Au Remp’Arts,auremp’arts1@gmail.com,1273363568,,
helenachezpires1,Helena chez Pires,helenachezpires1@gmail.com,1218782557,,
cafedurand1,Cafe Durand,cafedurand1@gmail.com,417021398,,
boulangeriemarieblachere1,Boulangerie Marie Blachere,boulangeriemarieblachere1@gmail.com,-2015887335,,
newscoffee1,News Coffee,newscoffee1@gmail.com,1127860424,,
lejardin1,Le Jardin,lejardin1@gmail.com,1245507967,,
carasol1,Cara Sol,carasol1@gmail.com,-2045679390,,
mam'skebab1,Mam's Kebab,mam'skebab1@gmail.com,-1383663878,,
goldendragon1,Golden Dragon,goldendragon1@gmail.com,1213274292,,
chezcricri1,Chez CriCri,chezcricri1@gmail.com,-1072205457,,
lapause1,La Pause,lapause1@gmail.com,1127981262,,
hostelleriedessources1,Hostellerie des Sources,hostelleriedessources1@gmail.com,-1240465235,,
lefarwest1,Le Far West,lefarwest1@gmail.com,-1045302509,,
restaurantlasource1,Restaurant La Source,restaurantlasource1@gmail.com,-1299508127,,
lejardinàl'italienne1,LE JARDIN à l'italienne,lejardinàl'italienne1@gmail.com,1358145971,,
lecomptoirgali1,Le Comptoir Gali,lecomptoirgali1@gmail.com,-244790288,,
le21-baràvins&àmanger1,LE 21 - Bar à Vins & à Manger,le21-baràvins&àmanger1@gmail.com,328514165,,
maisonfadoli1,Maison Fadoli,maisonfadoli1@gmail.com,-2075022441,,
restaurantl'ardoise1,Restaurant L'Ardoise,restaurantl'ardoise1@gmail.com,503805251,,
leportcheri1,Le Port Cheri,leportcheri1@gmail.com,505919449,,
boulangerieduport1,Boulangerie du Port,boulangerieduport1@gmail.com,640963444,,
bistrotdeshalles1,Bistrot des Halles,bistrotdeshalles1@gmail.com,-353578459,,
restaurantl'albatros1,Restaurant L'Albatros,restaurantl'albatros1@gmail.com,1249859316,,
lebahia1,Le Bahia,lebahia1@gmail.com,362715163,,
villanoe1,Villa Noe,villanoe1@gmail.com,1331985506,,
p'titnice1,P'tit Nice,p'titnice1@gmail.com,-1218059284,,
leprivilège1,Le Privilège,leprivilège1@gmail.com,-2106876983,,
sokebab1,SO Kebab,sokebab1@gmail.com,643704995,,
lepontduclion1,Le Pont du Clion,lepontduclion1@gmail.com,-1360517236,,
aumets'inpotes1,Au Mets'In Potes,aumets'inpotes1@gmail.com,442130352,,
coeuretcreme1,Coeur et Creme,coeuretcreme1@gmail.com,-331568616,,
goldentulippornicsuites1,Golden Tulip Pornic Suites,goldentulippornicsuites1@gmail.com,448626798,,
laflambee1,La Flambee,laflambee1@gmail.com,1959028215,,
crêperielagourmandine1,Crêperie La Gourmandine,crêperielagourmandine1@gmail.com,675253664,,
l'amphitrite1,L'Amphitrite,l'amphitrite1@gmail.com,-1993843086,,
lezagaya1,Le Zagaya,lezagaya1@gmail.com,-1160856899,,
le5èmequartier1,Le 5ème Quartier,le5èmequartier1@gmail.com,-1272043796,,
lapanetièredeshameaux1,La Panetière des Hameaux,lapanetièredeshameaux1@gmail.com,2101496763,,
lacreperiedelafraiseraie1,La Creperie de la Fraiseraie,lacreperiedelafraiseraie1@gmail.com,476091187,,
quai341,Quai 34,quai341@gmail.com,1333245314,,
barlephare1,Bar le Phare,barlephare1@gmail.com,1277413170,,
chezphuong1,Chez Phuong,chezphuong1@gmail.com,476128729,,
fish&chips1,Fish & Chips,fish&chips1@gmail.com,2133485395,,
legraindefolie1,Le Grain de Folie,legraindefolie1@gmail.com,1386840434,,
l'orangerie1,L'Orangerie,l'orangerie1@gmail.com,730479543,,
hhmisay1,HH Misay,hhmisay1@gmail.com,-417839784,,
christopheroussel1,Christophe Roussel,christopheroussel1@gmail.com,1363663039,,
domino'spizza1,Domino's Pizza,domino'spizza1@gmail.com,-1246744230,,
letrefle1,Le Trefle,letrefle1@gmail.com,-387187569,,
lejarrie's1,Le Jarrie's,lejarrie's1@gmail.com,1420885695,,
letoucan1,Le Toucan,letoucan1@gmail.com,474815072,,
boulangerieo'rustique1,Boulangerie O'Rustique,boulangerieo'rustique1@gmail.com,701791919,,
l'autrequai1,L'Autre Quai,l'autrequai1@gmail.com,356037211,,
lacantinedumaroc1,La Cantine Du Maroc,lacantinedumaroc1@gmail.com,-500901739,,
marius1,Marius,marius1@gmail.com,-1040771114,,
lepatiodufouquet1,Le Patio du Fouquet,lepatiodufouquet1@gmail.com,-472095895,,
nosbellesannees1,Nos Belles Annees,nosbellesannees1@gmail.com,-1241565735,,
lafontaineauxbretons1,La Fontaine aux Bretons,lafontaineauxbretons1@gmail.com,-1243498125,,
restaurantcafelabiro1,Restaurant Cafe La Biro,restaurantcafelabiro1@gmail.com,-2022596266,,
jules&john1,Jules & John,jules&john1@gmail.com,1216457840,,
legrandbleu1,Le Grand Bleu,legrandbleu1@gmail.com,2106762802,,
kersénégaulois1,Ker Sénégaulois,kersénégaulois1@gmail.com,2102447291,,
"fleurdesondes""baràhuîtres""1","Fleur des ondes ""Bar à huîtres""","fleurdesondes""baràhuîtres""1@gmail.com",1335092601,,
lacourd'orgères1,La Cour D'orgères,lacourd'orgères1@gmail.com,-1072145937,,
l'escalebretonneapornic1,L'Escale Bretonne a Pornic,l'escalebretonneapornic1@gmail.com,-413850307,,
crescendorestaurant1,Crescendo Restaurant,crescendorestaurant1@gmail.com,1305204233,,
l'ana'gram1,L'Ana'Gram,l'ana'gram1@gmail.com,-1245818851,,
lebistronomi'k1,Le Bistronomi'k,lebistronomi'k1@gmail.com,1103995692,,
leskipper1,Le Skipper,leskipper1@gmail.com,-1271058738,,
lejade1,Le Jade,lejade1@gmail.com,-1991911473,,
leretz1,Le Retz,leretz1@gmail.com,1274970337,,
lepanoramic1,Le Panoramic,lepanoramic1@gmail.com,497511814,,
creperielasarrazine1,Creperie La Sarrazine,creperielasarrazine1@gmail.com,-525689872,,
lechâteau1,Le Château,lechâteau1@gmail.com,-1214778643,,
crêperiedelasource1,Crêperie de la Source,crêperiedelasource1@gmail.com,2080133585,,
lejardindel'olivier1,Le jardin de L'olivier,lejardindel'olivier1@gmail.com,2047654417,,
cafeduport1,Cafe Du Port,cafeduport1@gmail.com,-1305043326,,
lepapagayo1,Le Papagayo,lepapagayo1@gmail.com,-1129430214,,
lespontonschezedith1,Les Pontons Chez Edith,lespontonschezedith1@gmail.com,-1069516824,,
lacasad'hernesto1,La Casa d'Hernesto,lacasad'hernesto1@gmail.com,-2020743306,,
l'escaliergourmand1,L'Escalier Gourmand,l'escaliergourmand1@gmail.com,-299269566,,
fleurdesel1,Fleur de Sel,fleurdesel1@gmail.com,1442251763,,
lapetitemaisondanslaprairie1,La Petite Maison Dans la Prairie,lapetitemaisondanslaprairie1@gmail.com,528292026,,
coteetplaisance1,Cote et Plaisance,coteetplaisance1@gmail.com,-158724115,,
lachaumiere1,La Chaumiere,lachaumiere1@gmail.com,1300143729,,
pizzerialevesuvio1,Pizzeria Le Vesuvio,pizzerialevesuvio1@gmail.com,1101045393,,
chezpepone1,Chez Pepone,chezpepone1@gmail.com,1189912999,,
pizzadusud1,PIZZA DU SUD,pizzadusud1@gmail.com,1190628858,,
leroyalpornic1,Le Royal Pornic,leroyalpornic1@gmail.com,499632922,,
berniecafé1,Bernie Café,berniecafé1@gmail.com,-297700247,,
lecapgourmand1,Le Cap Gourmand,lecapgourmand1@gmail.com,391159960,,
lecadran1,Le Cadran,lecadran1@gmail.com,-1069431178,,
follesaison1,Folle Saison,follesaison1@gmail.com,-1305853546,,
revedeglace1,Reve de Glace,revedeglace1@gmail.com,1273747943,,
restaurantlessablons1,Restaurant les Sablons,restaurantlessablons1@gmail.com,-1932024649,,
macdonald'spornic-leclionsurmer1,Macdonald's Pornic - Le Clion sur mer,macdonald'spornic-leclionsurmer1@gmail.com,1076268084,,
lap'titecreperit1,La P'tite Crepe Rit,lap'titecreperit1@gmail.com,-161546449,,
lemanegeagaufres1,Le Manege A Gaufres,lemanegeagaufres1@gmail.com,1079089677,,
patisseriegavet1,Patisserie Gavet,patisseriegavet1@gmail.com,-1386436525,,
l'atelierdusandwich1,L'Atelier du Sandwich,l'atelierdusandwich1@gmail.com,331252891,,
laterrasse1,La Terrasse,laterrasse1@gmail.com,2130920262,,
leboutdumonde1,Le Bout du Monde,leboutdumonde1@gmail.com,-361304181,,
chezmoran1,Chez Moran,chezmoran1@gmail.com,1964604859,,
bigmarcel1,Big Marcel,bigmarcel1@gmail.com,-1184158449,,
gangofpizza1,Gang Of Pizza,gangofpizza1@gmail.com,-2129071341,,
bardustade1,Bar du Stade,bardustade1@gmail.com,-185470577,,
restaurantdesvoyageurs1,Restaurant Des Voyageurs,restaurantdesvoyageurs1@gmail.com,727737902,,
lemadelo1,Le Madelo,lemadelo1@gmail.com,534488181,,
barcentral1,Bar Central,barcentral1@gmail.com,-532117008,,
leseran1,Le Seran,leseran1@gmail.com,-353972716,,
châteaud'audrieu1,Château D'Audrieu,châteaud'audrieu1@gmail.com,-1130498979,,
lerocket1,Le Rocket,lerocket1@gmail.com,-442658447,,
aubergedesruines1,Auberge des Ruines,aubergedesruines1@gmail.com,-559861167,,
aubergedubac1,Auberge du Bac,aubergedubac1@gmail.com,-1298639410,,
l'heuredesthés1,L'Heure des Thés,l'heuredesthés1@gmail.com,-1275436875,,
pommesfraises1,Pommes Fraises,pommesfraises1@gmail.com,501479005,,
latavernedesmoines1,La Taverne Des Moines,latavernedesmoines1@gmail.com,-2133565846,,
labonnefamille1,La Bonne Famille,labonnefamille1@gmail.com,-560840522,,
boulangeriepatisserie1,Boulangerie Patisserie,boulangeriepatisserie1@gmail.com,2130355443,,
lapatatagrill1,La Patata Grill,lapatatagrill1@gmail.com,-1243917991,,
restaurantmed1,Restaurant Med,restaurantmed1@gmail.com,-301030894,,
restaurantlamarina1,Restaurant La Marina,restaurantlamarina1@gmail.com,1278816321,,
gaillonsushi1,Gaillon Sushi,gaillonsushi1@gmail.com,-2021608144,,
caferestaurant1,Cafe Restaurant,caferestaurant1@gmail.com,1271846123,,
atelier19771,Atelier 1977,atelier19771@gmail.com,-361393376,,
restaurantleclosracine1,Restaurant Le Clos Racine,restaurantleclosracine1@gmail.com,1133433293,,
gustopizzagaillon1,Gusto Pizza Gaillon,gustopizzagaillon1@gmail.com,1185270473,,
legraindesel1,Le Grain de Sel,legraindesel1@gmail.com,390472630,,
pizzaland1,Pizzaland,pizzaland1@gmail.com,2134617391,,
creperieledrakkar1,Creperie Le Drakkar,creperieledrakkar1@gmail.com,505054861,,
leprevert1,Le Pre Vert,leprevert1@gmail.com,-439890771,,
hotelrestaurantdes4ecluses1,Hotel Restaurant des 4 Ecluses,hotelrestaurantdes4ecluses1@gmail.com,-1043628445,,
rapido'pizza1,Rapido'pizza,rapido'pizza1@gmail.com,-504477837,,
l'abrinormand1,L'abri Normand,l'abrinormand1@gmail.com,-381795495,,
mcdonald's1,McDonald's,mcdonald's1@gmail.com,-2074666064,,
lezauq1,Le Zauq,lezauq1@gmail.com,-1301171423,,
brasseriedel'etoile1,Brasserie De l'Etoile,brasseriedel'etoile1@gmail.com,-1361533168,,
sullyvan'scoffee1,Sullyvan's Coffee,sullyvan'scoffee1@gmail.com,701080719,,
lepichet1,Le Pichet,lepichet1@gmail.com,-1965099508,,
msyresto1,Msy Resto,msyresto1@gmail.com,-1414349666,,
legraf'1,Le Graf',legraf'1@gmail.com,-301332980,,
lemonarque1,Le Monarque,lemonarque1@gmail.com,-1387505991,,
miyagi1,Miyagi,miyagi1@gmail.com,-1449360754,,
leburg'eure1,Le Burg'eure,leburg'eure1@gmail.com,728605618,,
pizzalaprovencale1,Pizza La Provencale,pizzalaprovencale1@gmail.com,-297217731,,
l'ecrindessaveurs1,L'Ecrin des Saveurs,l'ecrindessaveurs1@gmail.com,644712308,,
boulangeriemarieblachere1,Boulangerie Marie Blachere,boulangeriemarieblachere1@gmail.com,-1391119501,,
aysu1,Aysu,aysu1@gmail.com,470134164,,
lecappeville1,Le Cappeville,lecappeville1@gmail.com,1332434510,,
oliveverte1,Olive Verte,oliveverte1@gmail.com,-246602731,,
lesdeuxpalmiers1,Les Deux Palmiers,lesdeuxpalmiers1@gmail.com,1958133516,,
patisseriebazon1,Patisserie Bazon,patisseriebazon1@gmail.com,-1363407087,,
australiancafé1,Australian Café,australiancafé1@gmail.com,529900369,,
lejeanbart1,Le Jean Bart,lejeanbart1@gmail.com,-439943806,,
salondethe1,Salon de The,salondethe1@gmail.com,359906192,,
ledonjongisors1,Le Donjon Gisors,ledonjongisors1@gmail.com,-1936586646,,
crêperiebelleîle1,Crêperie Belle Île,crêperiebelleîle1@gmail.com,-159789925,,
15ruedufaubourgcappeville1,15 Rue du Faubourg Cappeville,15ruedufaubourgcappeville1@gmail.com,2075331440,,
mirama1,Mirama,mirama1@gmail.com,-2076161230,,
macaronschocolats1,Macarons chocolats,macaronschocolats1@gmail.com,-2130585694,,
brasseriedel'hoteldeville1,Brasserie de l'Hotel de Ville,brasseriedel'hoteldeville1@gmail.com,-1186956760,,
lecosi1,Le Cosi,lecosi1@gmail.com,-1218358485,,
labonneetape1,La Bonne Etape,labonneetape1@gmail.com,1988551031,,
mcdonald's1,McDonald's,mcdonald's1@gmail.com,-2076369231,,
labouled'or1,La Boule D'or,labouled'or1@gmail.com,586085140,,
labonnefourchette1,La Bonne Fourchette,labonnefourchette1@gmail.com,2130779273,,
lehomardbleu1,Le Homard Bleu,lehomardbleu1@gmail.com,-1355160585,,
ledamali1,Le Damali,ledamali1@gmail.com,356157331,,
poissonneriedelacôte1,Poissonnerie de la côte,poissonneriedelacôte1@gmail.com,1247356058,,
brasseriedelacoteblc1,Brasserie de La Cote BLC,brasseriedelacoteblc1@gmail.com,2020905083,,
coteplage1,Cote Plage,coteplage1@gmail.com,419823582,,
lefuniculaire1,Le Funiculaire,lefuniculaire1@gmail.com,-1219013832,,
lacalypso1,La Calypso,lacalypso1@gmail.com,2130330706,,
lagoelette1,La Goelette,lagoelette1@gmail.com,-358501967,,
lefrancois1er1,Le Francois 1er,lefrancois1er1@gmail.com,-526757700,,
lejulesverne1,Le Jules Verne,lejulesverne1@gmail.com,-389745700,,
chrispizza1,Chris Pizza,chrispizza1@gmail.com,556983612,,
papapoule1,Papa Poule,papapoule1@gmail.com,1331062944,,
lepetitrestaurant1,Le petit restaurant,lepetitrestaurant1@gmail.com,584232483,,
legoutdularge1,Le Gout Du Large,legoutdularge1@gmail.com,-1303026314,,
very-the1,Very-The,very-the1@gmail.com,-359153041,,
bardel'esplanade1,Bar de L'Esplanade,bardel'esplanade1@gmail.com,-1277131047,,
lesaintlouis1,Le Saint Louis,lesaintlouis1@gmail.com,-2104933970,,
comptoirsdel'ocean1,Comptoirs de l'Ocean,comptoirsdel'ocean1@gmail.com,-2079169528,,
lapiled'assiettes1,La Pile d'Assiettes,lapiled'assiettes1@gmail.com,1213179987,,
lycéeprofessionnellehurlevent1,Lycée professionnel Le Hurlevent,lycéeprofessionnellehurlevent1@gmail.com,-1412386191,,
pizz'appétit1,Pizz'appétit,pizz'appétit1@gmail.com,-1933752746,,
graind'sel1,Grain d'Sel,graind'sel1@gmail.com,-1186008440,,
auvieuxlogis1,Au Vieux Logis,auvieuxlogis1@gmail.com,-1248568267,,
lesaintpierre1,Le Saint Pierre,lesaintpierre1@gmail.com,-1271978386,,
o'crocodile1,O'crocodile,o'crocodile1@gmail.com,646586318,,
leshautesfalaises1,Les Hautes Falaises,leshautesfalaises1@gmail.com,387555038,,
lelagonbleu1,Le Lagon Bleu,lelagonbleu1@gmail.com,-1185107763,,
restaurant4saisons1,Restaurant 4 Saisons,restaurant4saisons1@gmail.com,-416834636,,
lapizzeriabrasseriedelatour1,La Pizzeria Brasserie de la Tour,lapizzeriabrasseriedelatour1@gmail.com,-410243078,,
lamarine1,La Marine,lamarine1@gmail.com,-1132107689,,
restaurantlerichelieu1,Restaurant Le Riche Lieu,restaurantlerichelieu1@gmail.com,585189643,,
lemaritim'1,Le Maritim',lemaritim'1@gmail.com,-154247878,,
l'univers1,L'Univers,l'univers1@gmail.com,-1133925836,,
lemagellan1,Le Magellan,lemagellan1@gmail.com,-1989381042,,
leportus1,Le Portus,leportus1@gmail.com,-1135093266,,
auxdélices1,Aux Délices,auxdélices1@gmail.com,-2071692756,,
restaurantlespecheurs1,Restaurant Les Pecheurs,restaurantlespecheurs1@gmail.com,-154076656,,
casinojoadutréport1,Casino JOA du Tréport,casinojoadutréport1@gmail.com,-1276748883,,
restaurantlavillamarine1,Restaurant La Villa Marine,restaurantlavillamarine1@gmail.com,-1244993445,,
labrochette1,La Brochette,labrochette1@gmail.com,-1298645362,,
lecafeplage1,Le Cafe Plage,lecafeplage1@gmail.com,558559375,,
3b1,3B,3b1@gmail.com,-1048038258,,
lerestaurantdestreizeassiettes1,Le Restaurant des Treize Assiettes,lerestaurantdestreizeassiettes1@gmail.com,-388083408,,
legrandaigle1,Le Grand Aigle,legrandaigle1@gmail.com,-2137023372,,
aup'titquinquin1,Au P'tit Quinquin,aup'titquinquin1@gmail.com,1213985459,,
lap'titepause1,La P'tite Pause,lap'titepause1@gmail.com,1247081161,,
brithotelrestaurant1,Brit Hotel Restaurant,brithotelrestaurant1@gmail.com,-1357065473,,
leboucheaoreilles1,Le Bouche a Oreilles,leboucheaoreilles1@gmail.com,-1989231028,,
restaurantlavertecampagne1,Restaurant La Verte Campagne,restaurantlavertecampagne1@gmail.com,1391367802,,
anacapri1,Anacapri,anacapri1@gmail.com,1386833643,,
sanxpress1,San Xpress,sanxpress1@gmail.com,644509504,,
lamaisonducouscous1,La Maison du Couscous,lamaisonducouscous1@gmail.com,-468636419,,
l'altro1,L'Altro,l'altro1@gmail.com,1189763022,,
saveursdumainetraiteurhardy1,Saveurs du Maine Traiteur Hardy,saveursdumainetraiteurhardy1@gmail.com,-2022559753,,
l'agriculturerestaurant1,L'Agriculture Restaurant,l'agriculturerestaurant1@gmail.com,-556337092,,
lebistrotdeclem1,Le Bistrot de Clem,lebistrotdeclem1@gmail.com,-382597058,,
aucomptoird'alex1,Au Comptoir d'Alex,aucomptoird'alex1@gmail.com,-267878284,,
lebugatti1,Le Bugatti,lebugatti1@gmail.com,-1270613733,,
lecygne1,Le Cygne,lecygne1@gmail.com,561149081,,
lemail1,Le Mail,lemail1@gmail.com,-1045453327,,
hotelrestaurantleliond'or1,Hotel Restaurant Le Lion D'Or,hotelrestaurantleliond'or1@gmail.com,496802870,,
ausoleild'italie1,Au Soleil d'Italie,ausoleild'italie1@gmail.com,-2020566636,,
al'ardoise1,A l'Ardoise,al'ardoise1@gmail.com,-411229936,,
restaurantaubergedelabaie1,Restaurant Auberge de la baie,restaurantaubergedelabaie1@gmail.com,1419012700,,
theoystercatcher1,The Oystercatcher,theoystercatcher1@gmail.com,-410809918,,
l'aubergedudouetdelataille1,L'Auberge du Douet De La Taille,l'aubergedudouetdelataille1@gmail.com,-1157071373,,
aubergedelatruite1,Auberge de la Truite,aubergedelatruite1@gmail.com,2130750195,,
laloux1,Laloux,laloux1@gmail.com,331249117,,
le1101,Le 110,le1101@gmail.com,1247053037,,
le6701,Le 670,le6701@gmail.com,-1986546212,,
o'garden1,O'Garden,o'garden1@gmail.com,1134326063,,
lerollon1,Le Rollon,lerollon1@gmail.com,-243888928,,
levaucelles1,Le Vaucelles,levaucelles1@gmail.com,561265364,,
lehavrais1,Le Havrais,lehavrais1@gmail.com,-1246686755,,
l'ateliergourmand1,L'Atelier Gourmand,l'ateliergourmand1@gmail.com,-2135352529,,
pizzaburger1,Pizza Burger,pizzaburger1@gmail.com,591204660,,
aupetitlouis1,Au Petit Louis,aupetitlouis1@gmail.com,1134297207,,
lesainthonore1,Le Saint Honore,lesainthonore1@gmail.com,1363810162,,
aubergedelatouques1,Auberge de la Touques,aubergedelatouques1@gmail.com,-553574216,,
lacledesole1,La cle de sole,lacledesole1@gmail.com,726876660,,
labufala1,La Bufala,labufala1@gmail.com,2129199606,,
labufala1,La Bufala,labufala1@gmail.com,1990579922,,
edenparkrestaurantpanoramique1,Eden Park Restaurant panoramique,edenparkrestaurantpanoramique1@gmail.com,-1160832842,,
aubergedesdominicaines1,Auberge des Dominicaines,aubergedesdominicaines1@gmail.com,1442338991,,
lenormandie1,Le Normandie,lenormandie1@gmail.com,-2135416857,,
lapopoteencocotte1,La Popote en Cocotte,lapopoteencocotte1@gmail.com,559597500,,
chezmaguy1,Chez Maguy,chezmaguy1@gmail.com,-387727632,,
restaurantberbere1,Restaurant Berbere,restaurantberbere1@gmail.com,-214157424,,
lapommed'or1,La Pomme D'or,lapommed'or1@gmail.com,387528099,,
leconfluent1,Le Confluent,leconfluent1@gmail.com,-1133272172,,
spaleliond'or1,Spa Le Lion d'Or,spaleliond'or1@gmail.com,-360996232,,
aubergedudomainedulac1,Auberge du Domaine du Lac,aubergedudomainedulac1@gmail.com,-2016930893,,
lestop1,Le Stop,lestop1@gmail.com,-298228706,,
atable1,A table,atable1@gmail.com,471924319,,
l'angelot1,L'Angelot,l'angelot1@gmail.com,-2045501543,,
brasserieletheatre1,Brasserie le Theatre,brasserieletheatre1@gmail.com,-418468998,,
lebouchonnormand1,Le Bouchon Normand,lebouchonnormand1@gmail.com,1277738047,,
lagondole1,La Gondole,lagondole1@gmail.com,-297547388,,
theaumanoir1,The Au Manoir,theaumanoir1@gmail.com,-329872825,,
pizzeriamilano1,Pizzeria Milano,pizzeriamilano1@gmail.com,-330737479,,
lapetiteaubergedeniaux1,La Petite Auberge de Niaux,lapetiteaubergedeniaux1@gmail.com,441266345,,
lagoulue1,La goulue,lagoulue1@gmail.com,333933190,,
auluscuisine1,Aulus Cuisine,auluscuisine1@gmail.com,583374314,,
barrestaurantl'etape1,Bar Restaurant L'Etape,barrestaurantl'etape1@gmail.com,675935197,,
lessouleillous1,Les Souleillous,lessouleillous1@gmail.com,503415392,,
agouadis1,Agouadis,agouadis1@gmail.com,1100276627,,
lejasdumas1,Le Jas du Mas,lejasdumas1@gmail.com,1102952085,,
l'ancoch'1,L'An Coch',l'ancoch'1@gmail.com,-383436763,,
jasserieducoqnoir1,Jasserie du Coq Noir,jasserieducoqnoir1@gmail.com,1250277590,,
lecontinental1,Le Continental,lecontinental1@gmail.com,-471411661,,
lessabots1,Les Sabots,lessabots1@gmail.com,-245557134,,
leserlio1,Le Serlio,leserlio1@gmail.com,-244608656,,
lebarduchateau1,Le Bar du Chateau,lebarduchateau1@gmail.com,-2019820744,,
levendangerot1,Le Vendangerot,levendangerot1@gmail.com,-2129898825,,
lebistrotduzoo1,Le Bistrot du Zoo,lebistrotduzoo1@gmail.com,-1355213508,,
cafeducommerce1,Cafe du Commerce,cafeducommerce1@gmail.com,501385882,,
lecaveausarl1,Le Caveau Sarl,lecaveausarl1@gmail.com,2017126329,,
vik'pizza1,Vik'Pizza,vik'pizza1@gmail.com,1302674227,,
lamezzanine1,La Mezzanine,lamezzanine1@gmail.com,445883952,,
lemiraj1,Le Miraj,lemiraj1@gmail.com,-1414289125,,
augoutd'asie1,Au gout d'Asie,augoutd'asie1@gmail.com,418951930,,
lacroixd'or1,la croix d'or,lacroixd'or1@gmail.com,1987634301,,
hotellerelaischampenoisetduliond'or1,Hotel le Relais Champenois et du Lion d'Or,hotellerelaischampenoisetduliond'or1@gmail.com,1364790384,,
lesoleilrestaurant1,Le Soleil Restaurant,lesoleilrestaurant1@gmail.com,527957224,,
kebabextra1,Kebab Extra,kebabextra1@gmail.com,1307321535,,
lecafedesz'arts1,Le Cafe des Z'Arts,lecafedesz'arts1@gmail.com,444905714,,
duopizza1,Duo Pizza,duopizza1@gmail.com,-1106312559,,
kiosqueàpizzas1,Kiosque à Pizzas,kiosqueàpizzas1@gmail.com,1158312559,,
barbrasserie1,Bar brasserie,barbrasserie1@gmail.com,498315093,,
mcdonald's1,McDonald's,mcdonald's1@gmail.com,-2049139798,,
leflow1,Le Flow,leflow1@gmail.com,702838204,,
lescoteauxchampenois1,Les Coteaux Champenois,lescoteauxchampenois1@gmail.com,525961260,,
lerelaisdubillot1,Le Relais Du Billot,lerelaisdubillot1@gmail.com,-525832159,,
cafédepayslesaint-manvieu1,Café de Pays Le Saint-Manvieu,cafédepayslesaint-manvieu1@gmail.com,-444536456,,
searchforexcellence1,Search for Excellence,searchforexcellence1@gmail.com,-1935604528,,
leventdesgrèves1,Le Vent des Grèves,leventdesgrèves1@gmail.com,532456788,,
laplaya1,La Playa,laplaya1@gmail.com,333220095,,
aubergedecarolles1,Auberge De Carolles,aubergedecarolles1@gmail.com,-416351013,,
class'croute1,Class'Croute,class'croute1@gmail.com,-527534125,,
lacrieeboisguillaume1,La Criee Bois Guillaume,lacrieeboisguillaume1@gmail.com,1471774700,,
lecorona1,Le Corona,lecorona1@gmail.com,448450753,,
lecottage1,Le Cottage,lecottage1@gmail.com,1301631302,,
lenicouelo1,Le Nicouelo,lenicouelo1@gmail.com,498739197,,
enfinchezgaëlle1,Enfin Chez Gaëlle,enfinchezgaëlle1@gmail.com,-1188775997,,
lasangria1,La Sangria,lasangria1@gmail.com,642750714,,
fujiyasushi1,Fujiya Sushi,fujiyasushi1@gmail.com,-1075061610,,
