username,restaurantname,firstname,lastname,email,password
william1,,William,Cordes,william1@gmail.com,7892160
kenneth1,,Kenneth,Williams,kenneth1@gmail.com,3821873
michael1,,Michael,Perez,michael1@gmail.com,9051524
donald1,,Donald,Porter,donald1@gmail.com,5612428
james1,,James,Tucker,james1@gmail.com,3069109
felicia1,,Felicia,Cunningham,felicia1@gmail.com,0810078
clarence1,,Clarence,Barber,clarence1@gmail.com,6766374
ernest1,,Ernest,Cohen,ernest1@gmail.com,6287090
ronald1,,Ronald,Hall,ronald1@gmail.com,2369533
robin1,,Robin,Mendoza,robin1@gmail.com,6162913
gary1,,Gary,Harris,gary1@gmail.com,7055588
joseph1,,Joseph,Snow,joseph1@gmail.com,3637366
isabel1,,Isabel,Noriega,isabel1@gmail.com,2934060
frances1,,Frances,Rowland,frances1@gmail.com,5116173
jamie1,,Jamie,Williams,jamie1@gmail.com,4879887
lettie1,,Lettie,Williams,lettie1@gmail.com,8126887
sue1,,Sue,Inabinet,sue1@gmail.com,9428924
arlen1,,Arlen,Hicks,arlen1@gmail.com,9866275
adrienne1,,Adrienne,Mccants,adrienne1@gmail.com,6705582
eileen1,,Eileen,Hansel,eileen1@gmail.com,1509860
terry1,,Terry,Orellana,terry1@gmail.com,2168017
leon1,,Leon,Corcoran,leon1@gmail.com,2869322
lawrence1,,Lawrence,Lewis,lawrence1@gmail.com,3670164
ryan1,,Ryan,Whitehurst,ryan1@gmail.com,5382300
janet1,,Janet,Thomas,janet1@gmail.com,8931692
dennis1,,Dennis,Fidler,dennis1@gmail.com,0518759
david1,,David,Ellis,david1@gmail.com,2416620
dianna1,,Dianna,Gibson,dianna1@gmail.com,9487386
eleanor1,,Eleanor,Anger,eleanor1@gmail.com,1949532
charles1,,Charles,Rios,charles1@gmail.com,0150094
joseph1,,Joseph,Foreman,joseph1@gmail.com,9784777
ashley1,,Ashley,Bump,ashley1@gmail.com,3582832
stephanie1,,Stephanie,Rozar,stephanie1@gmail.com,1347790
carol1,,Carol,Elmore,carol1@gmail.com,0731649
monica1,,Monica,Stewart,monica1@gmail.com,4595621
david1,,David,Gralak,david1@gmail.com,1556578
wallace1,,Wallace,Winston,wallace1@gmail.com,6658220
lynelle1,,Lynelle,Washington,lynelle1@gmail.com,7502608
wayne1,,Wayne,Stephenson,wayne1@gmail.com,3102714
reginald1,,Reginald,Reeder,reginald1@gmail.com,3192714
lauren1,,Lauren,Hall,lauren1@gmail.com,7730010
lincoln1,,Lincoln,Prosper,lincoln1@gmail.com,2821335
john1,,John,Blake,john1@gmail.com,3929379
denise1,,Denise,Turner,denise1@gmail.com,0200792
david1,,David,Carter,david1@gmail.com,6683233
jerry1,,Jerry,Petersen,jerry1@gmail.com,6165996
janice1,,Janice,Cantara,janice1@gmail.com,2896892
andrew1,,Andrew,Graham,andrew1@gmail.com,4797615
bernice1,,Bernice,Kern,bernice1@gmail.com,5112377
sarah1,,Sarah,Hodges,sarah1@gmail.com,2130503
kathy1,,Kathy,Oliver,kathy1@gmail.com,9954124
stephen1,,Stephen,Barth,stephen1@gmail.com,9161830
elisa1,,Elisa,Boyles,elisa1@gmail.com,4880672
terri1,,Terri,Carver,terri1@gmail.com,1057333
benjamin1,,Benjamin,Sampson,benjamin1@gmail.com,5306971
catina1,,Catina,Davis,catina1@gmail.com,2788142
ryan1,,Ryan,Belisle,ryan1@gmail.com,8515249
jason1,,Jason,Badgett,jason1@gmail.com,7157409
victoria1,,Victoria,Luker,victoria1@gmail.com,6245020
jovita1,,Jovita,King,jovita1@gmail.com,0826815
brittany1,,Brittany,Carroll,brittany1@gmail.com,2806578
shirley1,,Shirley,Imai,shirley1@gmail.com,8339055
phil1,,Phil,Shuler,phil1@gmail.com,2975262
gloria1,,Gloria,Lenz,gloria1@gmail.com,4910065
john1,,John,Samora,john1@gmail.com,6216706
mary1,,Mary,Dimuzio,mary1@gmail.com,5773235
robert1,,Robert,West,robert1@gmail.com,3588375
evelyn1,,Evelyn,Porter,evelyn1@gmail.com,6967081
richard1,,Richard,Jemison,richard1@gmail.com,7351021
sandra1,,Sandra,Ochs,sandra1@gmail.com,0242312
bryan1,,Bryan,Feezell,bryan1@gmail.com,8658596
cleveland1,,Cleveland,Chan,cleveland1@gmail.com,0641226
jacqueline1,,Jacqueline,Piatt,jacqueline1@gmail.com,7045086
francis1,,Francis,Oge,francis1@gmail.com,5952753
patricia1,,Patricia,Adamczak,patricia1@gmail.com,7861591
aura1,,Aura,Hill,aura1@gmail.com,3478019
joseph1,,Joseph,Powell,joseph1@gmail.com,4158805
shirley1,,Shirley,Hunt,shirley1@gmail.com,5490183
margie1,,Margie,Cole,margie1@gmail.com,0253110
mark1,,Mark,Bodo,mark1@gmail.com,3299633
luis1,,Luis,Hutchinson,luis1@gmail.com,1080616
karl1,,Karl,Mattson,karl1@gmail.com,6475251
elke1,,Elke,Patillo,elke1@gmail.com,2399209
kathy1,,Kathy,Arnold,kathy1@gmail.com,5201756
rogelio1,,Rogelio,Mellin,rogelio1@gmail.com,4968174
heather1,,Heather,Lechner,heather1@gmail.com,6173754
kyle1,,Kyle,Trower,kyle1@gmail.com,9139066
robert1,,Robert,Dziedzic,robert1@gmail.com,6031483
roxie1,,Roxie,Kahan,roxie1@gmail.com,5967322
mary1,,Mary,Whiting,mary1@gmail.com,4398687
mark1,,Mark,Fehrle,mark1@gmail.com,4784829
walter1,,Walter,Gonzalez,walter1@gmail.com,5468078
frank1,,Frank,Small,frank1@gmail.com,5315874
gloria1,,Gloria,Levinson,gloria1@gmail.com,5943875
matthew1,,Matthew,Kaelker,matthew1@gmail.com,8953280
michael1,,Michael,Sohn,michael1@gmail.com,2163209
paul1,,Paul,Quintero,paul1@gmail.com,1310462
jeremy1,,Jeremy,Rodriguez,jeremy1@gmail.com,2262184
francis1,,Francis,Rogerson,francis1@gmail.com,2871709
johnny1,,Johnny,Craven,johnny1@gmail.com,6436667
